status,coin_index,coin_symbol,coin_name,key_derivation,hash,private_header,public_header,public_key_hash,script_hash,wallet_import_format,evm,UCID,cmc_top
游릭,0,BTC,Bitcoin,secp256k1,sha256,0x0488ADE4,0x0488B21E,0x00,0x05,0x80,,1,1
游릭,3,DOGE,Dogecoin,secp256k1,sha256,0x02FAC398,0x02FACAFD,0x1e,0x16,0x9e,,74,10
游릭,60,ETH,Ethereum,secp256k1,keccak256,,,,,,TRUE,1027,10
游릭,144,XRP,Ripple,secp256k1,sha256+ripemp160,,,0x00,0x05,,,,10
游댮,354,DOT,Polkadot,ed25519,,,,,,,,,10
游댮,501,SOL,Solana,ed25519,,,,,,,,,10
游댮,607,TON,TON,secp256k1,sha256,,,,,,,,10
游댮,714,BNB,Binance,secp256k1,sha256,,,,,,,,10
游댮,1815,ADA,Cardano,ed25519,,,,,,,,,10
游댮,9000,AVAX,Avalanche,secp256k1,sha256,,,,,,,,10
游릭,9005,AVAXC,Avalanche C-Chain,secp256k1,keccak256,,,,,,TRUE,,10
游릭,9006,BNB,Binance Smart Chain,secp256k1,keccak256,,,,,,TRUE,,10
游릭,2,LTC,Litecoin,secp256k1,sha256,0x019D9CFE,0x019DA462,0x30,0x32,0xb0,,2,100
游릭,5,DASH,Dash,secp256k1,sha256,,,0x4c,0x10,0xcc,,131,100
游릭,61,ETC,Ethereum Classic,secp256k1,keccak256,,,,,,TRUE,1321,100
游댮,118,ATOM,Cosmos,ed25519,,,,,,,,,100
游댮,128,XMR,Monero,ed25519,keccak256,,,,,,,,100
游릭,145,BCH,Bitcoin Cash,secp256k1,sha256,0x043587CF,0x04358394,0x6f,0xc4,0xef,,,100
游댮,148,XLM,Stellar Lumens,ed25519,sha256,,,,,,,,100
游댮,194,EOS,EOS,secp256k1,sha256,,,,,,,,100
游릭,195,TRX,Tron,secp256k1,keccak256,,,,,,,,100
游릭,236,BSV,BitcoinSV,secp256k1,sha256,,,,,,,,100
游댮,283,ALGO,Algorand,ed25519,,,,,,,,,100
游댮,309,CKB,Nervos CKB,secp256k1,blake2b,,,,,,,,100
游릭,394,CRO,Crypto Chain,secp256k1,keccak256,,,,,,TRUE,,100
游댮,397,NEAR,NEAR Protocol,ed25519,sha256,,,,,,,,100
游댮,461,FIL,Filecoin,bls12-381,blake2b,,,,,,,,100
游댮,472,AR,Arweave,ed25519,sha256,,,,,,,,100
游릭,500,THETA,Theta,secp256k1,keccak256,,,,,,TRUE,,100
游댮,503,CFX,Conflux,secp256k1,sha3-256,,,,,,,,100
游댮,508,EGLD,MultiversX,secp256k1,sha256,,,,,,,,100
游댮,539,FLOW,Flow,secp256r1,sha3-256,,,,,,,,100
游댮,595,POLYX,Polymesh,secp256k1,blake2b,,,,,,,,100
游댮,637,APTOS,Aptos,ed25519,sha3-256,,,,,,,,100
游릭,818,VET,VeChain Token,secp256k1,keccak256,,,,,,,,100
游댮,888,NEO,NEO,secp256k1,ripemd160,,,,,,,,100
游댮,899,XEC,eCash,secp256k1,sha256,,,,,,,,100
游댮,931,RUNE,THORChain (RUNE),secp256k1,sha256,,,,,,,,100
游댮,989,AIOZ,AIOZ,secp256k1,sha256,,,,,,,,100
游댮,1007,FTM,Fantom,secp256k1,sha3-256,,,,,,,,100
游댮,1116,CORE,Core,secp256k1,sha256,,,,,,,,100
游댮,1729,XTZ,Tezos,ed25519|secp256k1,sha256,,,,,,,,100
游댮,3030,HBAR,Hedera HBAR,ed25519,sha3-384,,,,,,,,100
游댮,4218,IOTA,IOTA,ed25519,sha3-256,,,,,,,,100
游댮,5757,STX,Stacks,secp256k1,sha512,,,,,,,,100
游릭,8217,KLAY,KLAY,secp256k1,keccak256,,,,,,,,100
游댮,12586,MINA,Mina,ed25519,pedersen,,,,,,,,100
游댮,111111,KAS,Kaspa,secp256k1,k12,,,,,,,,100
,1,TEST,Testnet (all coins),,,,,,,,,,
,4,RDD,Reddcoin,,,,,0x3d,,0xbd,,118,
,6,PPC,Peercoin,,,,,0x37,0x75,0xb7,,5,
,7,NMC,Namecoin,,,,,0x34,0x0D,0xb4,,3,
游릭,8,FTC,Feathercoin,secp256k1,sha256,0x0488DAEE,0x0488BC26,0x0e,,0x8e,,8,
,9,XCP,Counterparty,,,,,,,,,132,
游릭,10,BLK,Blackcoin,secp256k1,sha256,0x02CFBF60,0x02CFBEDE,0x19,0x55,0x99,,170,
,11,NSR,NuShares,,,,,0x3f,0x40,0x95,,,
,12,NBT,NuBits,,,,,0x19,0x1a,0x96,,,
,13,MZC,Mazacoin,,,,,0x32,0x09,0xe0,,,
,14,VIA,Viacoin,,,,,0x47,0x21,0xc7,,470,
,15,XCH,ClearingHouse,,,,,,,,,,
,16,RBY,Rubycoin,,,,,0x3c,0x55,0xbc,,215,
,17,GRS,Groestlcoin,,,,,0x24,,,,258,
,18,DGC,Digitalcoin,,,,0x9E0488B2,0x1e,,0x9e,,18,
,19,CCN,Cannacoin,,,,,,,,,,
,20,DGB,DigiByte,,,,,0x1e,,,,109,
,21,OA,Open Assets,,,,,,,,,,
,22,MONA,Monacoin,,,,,0x32,0x37,0xb0,,213,
,23,CLAM,Clams,,,0xA8C17826,0xA8C26D64,0x89,0x0D,0x85,,460,
,24,XPM,Primecoin,,,,,,,,,42,
,25,NEOS,Neoscoin,,,,,0x35,,0xb1,,,
,26,JBS,Jumbucks,,,0x037A6460,0x037A689A,0x2b,,0xab,,,
,27,ZRC,ziftrCOIN,,,,,,,,,,
,28,VTC,Vertcoin,,,,,0x47,,,,99,
,29,NXT,NXT,,,,,,,,,66,
,30,BURST,Burst,,,,,,,,,,
,31,MUE,MonetaryUnit,,,,,,,,,,
,32,ZOOM,Zoom,,,,,,,,,,
,33,VASH,Virtual Cash,,,,,,,,,,
,34,CDN,Canada eCoin,,,,,0x1c,,0x9c,,,
,35,SDC,ShadowCash,,,0xEE8031E8,0xEE80286A,0x3f,0x7d,0xbf,,,
,36,PKB,ParkByte,,,,,,,,,934,
,37,PND,Pandacoin,,,,,,,,,,
,38,START,StartCOIN,,,,,,,,,389,
,39,MOIN,MOIN,,,,,,,,,,
,40,EXP,Expanse,,,,,,,,,1070,
,41,EMC2,Einsteinium,,,,,0x21,,0xa1,,,
,42,DCR,Decred,secp256k1,Blake256,0x02FDA4E8,0x02FDA926,0x073f,0x071a,0x22de,,1168,
,43,XEM,NEM,,,,,,,,,873,
,44,PART,Particl,,,0x8F1DAEB8,0x696E82D1,0x38,0x3c,0x6c,,1826,
,45,ARG,Argentum (dead),,,,,,,,,,
,46,LIBERTAS,Libertas,,,,,,,,,,
,47,POSW,Posw coin,,,,,0x37,0x55,0xb7,,1495,
,48,SHR,Shreeji,,,,,,,,,,
,49,GCR,Global Currency Reserve (GCRcoin),,,,,0x26,0x61,0x9a,,,
,50,NVC,Novacoin,,,,,0x08,0x14,0x88,,6,
游릭,51,AC,Asiacoin,secp256k1,sha256,,,0x17,0x08,0x97,,,
,52,BTCD,BitcoinDark,,,,,,,,,,
,53,DOPE,Dopecoin,,,,,,,,,145,
,54,TPC,Templecoin,,,,,,,,,,
,55,AIB,AIB,,,,,,,,,,
,56,EDRC,EDRCoin,,,,,0x5d,0x1c,0xdd,,1216,
,57,SYS,Syscoin,,,,,0x3f,,,TRUE,541,
,58,SLR,Solarcoin,,,,,0x12,,0x92,,,
,59,SMLY,Smileycoin,,,0x1E5631BC,0x1E562D9A,0x19,,0x05,,,
,62,PSB,Pesobit,,,,,0x37,0x55,0xb7,,,
,63,LDCN,Landcoin (dead),,,,,0x30,0x7a,0x7a,,,
,64,,Open Chain,,,,,,,,,,
,65,XBC,Bitcoinplus,,,,,0x19,0x08,0x99,,293,
,66,IOP,Internet of People,,,0xAE3416F6,0x2780915F,0x75,0xae,0x31,,,
,67,NXS,Nexus,,,,,,,,,,
,68,INSN,InsaneCoin,,,,,0x66,0x39,0x37,,1678,
,69,OK,OKCash,,,0x03CC1C73,0x03CC23D7,0x37,0x1c,0x03,,760,
,70,BRIT,BritCoin,,,,,0x19,0x55,0x99,,,
,71,CMP,Compcoin,,,,,0x1c,0x55,0x9c,,,
,72,CRW,Crown,,,,,,,,,720,
,73,BELA,BelaCoin,,,,,0x19,,0x99,,,
,74,ICX,ICON,,,,,,,,,2099,
,75,FJC,FujiCoin,,,,,0x24,0x10,0xa4,,,
,76,MIX,MIX,,,,,,,,,,
,77,XVG,Verge Currency,,,,,0x1e,0x21,0x9e,,693,
,78,EFL,Electronic Gulden,,,,,0x30,,0xb0,,,
,79,CLUB,ClubCoin,,,,,0x1c,0x55,0x99,,1135,
,80,RICHX,RichCoin,,,,,,,,,,
,81,POT,Potcoin,,,,,0x37,,0xb7,,122,
,82,QRK,Quarkcoin,,,,,,,,,,
,83,TRC,Terracoin,,,,,,,,,,
,84,GRC,Gridcoin,,,,,0x3e,0x55,0xbe,,,
,85,AUR,Auroracoin,,,,,0x17,,0x97,,148,
,86,IXC,IXCoin,,,,,0x8a,,0x05,,13,
,87,NLG,Gulden,,,,,0x26,0x62,0x62,,,
,88,BITB,BitBean,,,,,,,,,819,
,89,BTA,Bata,,,0xA40B91BD,0xA40C86FA,0x19,,0xa4,,945,
,90,XMY,Myriadcoin,,,,,0x32,0x09,0xb2,,,
,91,BSD,BitSend,,,,,0x66,,0xcc,,,
,92,UNO,Unobtanium,,,,,0x82,0x1e,0xe0,,67,
,93,MTR,MasterTrader,,,,,,,,,,
,94,GB,GoldBlocks,,,,,,,,,1285,
,95,SHM,Saham,,,,,,,,,,
,96,CRX,Chronos,,,,,,,,,,
,97,BIQ,Ubiquoin,,,,,,,,,,
,98,EVO,Evotion,,,,,,,,,,
,99,STO,SaveTheOcean,,,,,,,,,,
,100,BIGUP,BigUp,,,,,,,,,,
,101,GAME,GameCredits,,,,,0x26,,0xa6,,,
,102,DLC,Dollarcoins,,,,,,,,,,
,103,ZYD,Zayedcoin,,,,,,,,,,
,104,DBIC,Dubaicoin,,,,,,,,,,
,105,STRAT,Stratis,,,,,0x3f,0x7d,0xbf,,,
,106,SH,Shilling,,,,,,,,,,
,107,MARS,MarsCoin,,,,,,,,,,
,108,UBQ,Ubiq,,,,,,,,,,
,109,PTC,Pesetacoin,,,,,,,,,,
,110,NRO,Neurocoin,,,,,0x35,0x75,0xb5,,,
,111,ARK,ARK,,,,,,,,,,
,112,USC,UltimateSecureCashMain,,,0xEE8031E8,0xEE80286A,0x44,0x7d,0xbf,,,
,113,THC,Hempcoin,,,,,0x28,0x08,0xa8,,,
,114,LINX,Linx,,,,,0x4b,,0xcb,,,
,115,ECN,Ecoin,,,,,0x5c,0x14,0xdc,,,
,116,DNR,Denarius,,,,,0x1e,0x5a,0x9e,,,
,117,PINK,Pinkcoin,,,,,0x03,0x1c,0x83,,,
,119,PIVX,Pivx,,,0x0221312B,0x022D2533,0x1e,0x0d,0xd4,,,
,120,FLASH,Flashcoin,,,,,0x44,0x82,0xc4,,,
,121,ZEN,Zencash,,,,,0x2089,0x2096,,,,
,122,PUT,Putincoin,,,,,0x37,0x14,0xb7,,,
,123,ZNY,BitZeny,,,,,,,,,,
,124,UNIFY,Unify,,,,,,,,,,
,125,XST,StealthCoin,,,,,,,,,,
,126,BRK,Breakout Coin,,,,,,,,,,
,127,VC,Vcash,,,,,0x47,0x08,0xc7,,,
,129,VOX,Voxels,,,,,,,,,,
,130,NAV,NavCoin,,,,,0x35,0x55,0x96,,,
,131,FCT,Factom Factoids,,,,,,,,,,
,132,EC,Factom Entry Credits,,,,,,,,,,
,133,ZEC,Zcash,secp256k1,sha256,,,0x1CB8,0x1CBD,,,,
,134,LSK,Lisk,,,,,,,,,,
,135,STEEM,Steem,,,,,,,,,,
,136,XZC,ZCoin,,,,,0x52,0x07,0xd2,,,
,137,RBTC,Rootstock,,,,,,,,,,
,138,,Giftblock,,,,,,,,,,
,139,RPT,RealPointCoin,,,,,,,,,,
,140,LBC,LBRY Credits,,,,,0x55,0x7a,0x1c,,,
,141,KMD,Komodo,,,,,0x3c,0x55,0xbc,,,
,142,BSQ,bisq Token,,,,,,,,,,
,143,RIC,Riecoin,,,,,,,,,,
,146,NEBL,Neblio,,,,,0x35,0x70,0xb5,,,
,147,ZCL,ZClassic,,,,,0x1CB8,0x1CBD,,,,
,149,NLC2,NoLimitCoin2,,,,,,,,,,
,150,WHL,WhaleCoin,,,,,,,,,,
,151,ERC,EuropeCoin,,,,,0x21,,0xa8,,,
,152,DMD,Diamond,,,,,0x5a,0x08,0xda,,,
,153,BTM,Bytom,,,,,,,,,,
,154,BIO,Biocoin,,,,,,,,,,
,155,XWCC,Whitecoin Classic,,,,,,,,,,
,156,BTG,Bitcoin Gold,,,,,0x26,0x17,,,,
,157,BTC2X,Bitcoin 2x,,,,,,,,,,
,158,SSN,SuperSkynet,,,,,,,,,,
,159,TOA,TOACoin,,,,,0x41,0x17,0xc1,,,
,160,BTX,Bitcore,,,,,0x03,0x7D,,,,
游릭,161,ACC,Adcoin,secp256k1,sha256,,,0x17,,0xb0,,,
,162,BCO,Bridgecoin,,,,,,,,,,
,163,ELLA,Ellaism,,,,,,,,,,
,164,PIRL,Pirl,,,,,,,,,,
,165,XNO,Nano,,,,,,,,,,
,166,VIVO,Vivo,,,,,0x46,0x0a,0xc6,,,
,167,FRST,Firstcoin,,,,,0x23,,0xa3,,,
,168,HNC,Helleniccoin,,,,,0x30,,0xb0,,,
,169,BUZZ,BUZZ,,,,,,,,,,
,170,MBRS,Ember,,,,,,,,,,
,171,HC,Hcash,,,,,,,,,,
,172,HTML,HTMLCOIN,,,,,,,,,,
,173,ODN,Obsidian,,,,,,,,,,
,174,ONX,OnixCoin,,,,,,,,,,
,175,RVN,Ravencoin,,,,,0x3c,0x7a,,,,
,176,GBX,GoByte,,,,,0x26,0x0a,0xc6,,,
,177,BTCZ,BitcoinZ,,,,,0x1CB8,0x1CBD,,,,
,178,POA,Poa,,,,,,,,,,
,179,NYC,NewYorkCoin,,,,,0x3c,0x16,0xbc,,,
,180,MXT,MarteXcoin,,,,,,,,,,
,181,WC,Wincoin,,,,,0x49,0x1c,0xc9,,,
,182,MNX,Minexcoin,,,,,0x4b,,,,,
,183,BTCP,Bitcoin Private,,,,,0x1325,0x13AF,,,,
,184,MUSIC,Musicoin,,,,,,,,,,
,185,BCA,Bitcoin Atom,,,,,0x17,0x0a,,,,
,186,CRAVE,Crave,,,,,0x46,0x55,0x99,,,
,187,STAK,STRAKS,,,,,,,,,,
,188,WBTC,World Bitcoin,,,,,,,,,,
,189,LCH,LiteCash,,,,,,,,,,
,190,EXCL,ExclusiveCoin,,,,,0x21,0x89,0xa1,,,
,191,LYNX,Lynx,,,,,0x2d,0x32,0xad,,,
,192,LCC,LitecoinCash,,,,,0x1c,,0xb0,,,
,193,XFE,Feirm,,,,,,,,,,
,196,KOBO,Kobocoin,,,,,0x23,0x1c,0xa3,,,
,197,HUSH,HUSH,,,,,0x1CB8,0x1CBD,,,,
,198,BAN,Banano,,,,,,,,,,
,199,ETF,ETF,,,,,,,,,,
,200,OMNI,Omni,,,,,,,,,,
,201,BIFI,BitcoinFile,,,,,,,,,,
,202,UFO,Uniform Fiscal Object,,,,,,,,,,
,203,CNMC,Cryptonodes,,,,,,,,,,
,204,BCN,Bytecoin,,,,,,,,,,
,205,RIN,Ringo,,,,,,,,,,
,206,ATP,Alaya,,,,,,,,,,
,207,EVT,everiToken,,,,,,,,,,
,208,ATN,ATN,,,,,,,,,,
,209,BIS,Bismuth,,,,,,,,,,
,210,NEET,NEETCOIN,,,,,,,,,,
,211,BOPO,BopoChain,,,,,,,,,,
,212,OOT,Utrum,,,,,,,,,,
,213,ALIAS,Alias,,,,,,,,,,
,214,MONK,Monkey Project,,,0x0488DDE4,,0x33,0x1c,0x37,,,
,215,BOXY,BoxyCoin,,,,,,,,,,
,216,FLO,Flo,,,,,,,,,,
,217,MEC,Megacoin,,,,,0x32,,0xB2,,,
,218,BTDX,BitCloud,,,,,0x19,,0x99,,,
,219,XAX,Artax,,,,,0x17,0x1CBD,0x97,,,
,220,ANON,ANON,,,,,0x0582,0x5389,,,,
,221,LTZ,LitecoinZ,,,,,0x0AB3,0x0AB8,,,,
,222,BITG,Bitcoin Green,,,,,0x26,0x1CBD,0x2E,,,
,223,ICP,Internet Computer (DFINITY),,,,,,,,,,
,224,SMART,Smartcash,,,,,,,,,,
,225,XUEZ,XUEZ,,,0x0221312B,0x022D2533,0x4b,0x12,0xd4,,,
,226,HLM,Helium,,,,,,,,,,
,227,WEB,Webchain,,,,,,,,,,
,228,ACM,Actinium,,,,,,,,,,
,229,NOS,NOS Stable Coins,,,,,,,,,,
,230,BITC,BitCash,,,,,,,,,,
,231,HTH,Help The Homeless Coin,,,,,,,,,,
,232,TZC,Trezarcoin,,,,,,,,,,
,233,VAR,Varda,,,,,,,,,,
,234,IOV,IOV,,,,,,,,,,
,235,FIO,FIO,,,,,,,,,,
,237,DXN,DEXON,,,,,,,,,,
,238,QRL,Quantum Resistant Ledger,,,,,,,,,,
,239,PCX,ChainX,,,,,,,,,,
,240,LOKI,Loki,,,,,,,,,,
,241,,Imagewallet,,,,,,,,,,
,242,NIM,Nimiq,,,,,,,,,,
,243,SOV,Sovereign Coin,,,,,,,,,,
,244,JCT,Jibital Coin,,,,,,,,,,
,245,SLP,Simple Ledger Protocol,,,,,,,,,,
,246,EWT,Energy Web,,,,,,,,,,
,247,UC,Ulord,,,,,,,,,,
,248,EXOS,EXOS,,,,,,,,,,
,249,ECA,Electra,,,,,,,,,,
,250,SOOM,Soom,,,,,,,,,,
,251,XRD,Redstone,,,,,,,,,,
,252,FREE,FreeCoin,,,,,,,,,,
,253,NPW,NewPowerCoin,,,,,,,,,,
,254,BST,BlockStamp,,,,,,,,,,
,255,STH,SmartHoldem,,,,,,,,,,
,256,NANO,Bitcoin Nano,,,,,,,,,,
,257,BTCC,Bitcoin Core,,,,,,,,,,
,258,ZP,Zen Protocol,,,,,,,,,,
,259,ZEST,Zest,,,,,,,,,,
,260,ABT,ArcBlock,,,,,,,,,,
,261,PION,Pion,,,,,,,,,,
,262,DT3,DreamTeam3,,,,,,,,,,
,263,ZBUX,Zbux,,,,,,,,,,
,264,KPL,Kepler,,,,,,,,,,
,265,TPAY,TokenPay,,,,,,,,,,
,266,ZILLA,ChainZilla,,,,,,,,,,
,267,ANK,Anker,,,,,,,,,,
,268,BCC,BCChain,,,,,,,,,,
,269,HPB,HPB,,,,,,,,,,
,270,ONE,ONE,,,,,,,,,,
,271,SBC,SBC,,,,,,,,,,
,272,IPC,IPChain,,,,,,,,,,
,273,DMTC,Dominantchain,,,,,,,,,,
,274,OGC,Onegram,,,,,,,,,,
,275,SHIT,Shitcoin,,,,,,,,,,
,276,ANDES,Andescoin,,,,,,,,,,
,277,AREPA,Arepacoin,,,,,,,,,,
,278,BOLI,Bolivarcoin,,,,,0x55,,0xD5,,,
,279,RIL,Rilcoin,,,,,,,,,,
,280,HTR,Hathor Network,,,,,,,,,,
,281,ACME,Accumulate,,,,,,,,,,
,282,BRAVO,BRAVO,,,,,,,,,,
,284,BZX,Bitcoinzero,,,,,,,,,,
,285,GXX,GravityCoin,,,,,,,,,,
,286,HEAT,HEAT,,,,,,,,,,
,287,XDN,DigitalNote,,,,,,,,,,
,288,FSN,FUSION,,,,,,,,,,
,289,CPC,Capricoin,,,,,,,,,,
,290,BOLD,Bold,,,,,,,,,,
,291,IOST,IOST,,,,,,,,,,
,292,TKEY,Tkeycoin,,,,,,,,,,
,293,USE,Usechain,,,,,,,,,,
,294,BCZ,BitcoinCZ,,,,,,,,,,
,295,IOC,Iocoin,,,,,,,,,,
,296,ASF,Asofe,,,,,,,,,,
,297,MASS,MASS,,,,,,,,,,
,298,FAIR,FairCoin,,,,,,,,,,
,299,NUKO,Nekonium,,,,,,,,,,
,300,GNX,Genaro Network,,,,,,,,,,
,301,DIVI,Divi Project,,,0x0221312B,0x022D2533,0x1e,0x0d,0xd4,,,
,302,CMT,Community,,,,,,,,,,
,303,EUNO,EUNO,,,,,,,,,,
,304,IOTX,IoTeX,,,,,,,,,,
,305,ONION,DeepOnion,,,,,0x1F,0x4E,0x9F,,,
,306,8BIT,8Bit,,,,,,,,,,
,307,ATC,AToken Coin,,,,,,,,,,
,308,BTS,Bitshares,,,,,,,,,,
,310,UGAS,Ultrain,,,,,,,,,,
,311,ADS,Adshares,,,,,,,,,,
,312,ARA,Aura,,,,,,,,,,
,313,ZIL,Zilliqa,,,,,,,,,,
,314,MOAC,MOAC,,,,,,,,,,
,315,SWTC,SWTC,,,,,,,,,,
,316,VNSC,vnscoin,,,,,,,,,,
,317,PLUG,Plug,,,,,,,,,,
,318,MAN,Matrix AI Network,,,,,,,,,,
,319,ECC,ECCoin,,,,,,,,,,
,320,RPD,Rapids,,,,,0x3d,0x06,0x2e,,,
,321,RAP,Rapture,,,,,,,,,,
,322,GARD,Hashgard,,,,,,,,,,
,323,ZER,Zero,,,,,,,,,,
,324,EBST,eBoost,,,,,,,,,,
,325,SHARD,Shard,,,,,,,,,,
,326,MRX,Metrix Coin,,,,,,,,,,
,327,CMM,Commercium,,,,,,,,,,
,328,BLOCK,Blocknet,,,,,,,,,,
,329,AUDAX,AUDAX,,,,,,,,,,
,330,LUNA,Terra,,,,,,,,,,
,331,ZPM,zPrime,,,,,,,,,,
,332,KUVA,Kuva Utility Note,,,,,,,,,,
,333,MEM,MemCoin,,,,,,,,,,
,334,CS,Credits,,,,,,,,,,
,335,SWIFT,SwiftCash,,,,,,,,,,
,336,FIX,FIX,,,0x0221312B,0x022D2533,0x23,0x5F,0x3C,,,
,337,CPC,CPChain,,,,,,,,,,
,338,VGO,VirtualGoodsToken,,,,,,,,,,
,339,DVT,DeVault,,,,,,,,,,
,340,N8V,N8VCoin,,,,,,,,,,
,341,MTNS,OmotenashiCoin,,,,,,,,,,
,342,BLAST,BLAST,,,,,,,,,,
,343,DCT,DECENT,,,,,,,,,,
,344,AUX,Auxilium,,,,,,,,,,
,345,USDP,USDP,,,,,,,,,,
,346,HTDF,HTDF,,,,,,,,,,
,347,YEC,Ycash,,,,,,,,,,
,348,QLC,QLC Chain,,,,,,,,,,
,349,TEA,Icetea Blockchain,,,,,,,,,,
,350,ARW,ArrowChain,,,,,,,,,,
,351,MDM,Medium,,,,,,,,,,
,352,CYB,Cybex,,,,,,,,,,
,353,LTO,LTO Network,,,,,,,,,,
,355,AEON,Aeon,,,,,,,,,,
,356,RES,Resistance,,,,,,,,,,
游릭,357,AYA,Aryacoin,secp256k1,sha256,,,0x17,0x6f,0x97,,,
,358,DAPS,Dapscoin,,,,,,,,,,
,359,CSC,CasinoCoin,,,,,,,,,,
,360,VSYS,V Systems,,,,,,,,,,
,361,NOLLAR,Nollar,,,,,,,,,,
,362,XNOS,NOS,,,,,,,,,,
,363,CPU,CPUchain,,,,,0x1C,0x1E,,,,
,364,LAMB,Lambda Storage Chain,,,,,,,,,,
,365,VCT,ValueCyber,,,,,,,,,,
,366,CZR,Canonchain,,,,,,,,,,
,367,ABBC,ABBC,,,,,,,,,,
,368,HET,HET,,,,,,,,,,
,369,XAS,Asch,,,,,,,,,,
,370,VDL,Vidulum,,,,,,,,,,
,371,MED,MediBloc,,,,,,,,,,
,372,ZVC,ZVChain,,,,,,,,,,
,373,VESTX,Vestx,,,,,,,,,,
,374,DBT,DarkBit,,,,,,,,,,
,375,SEOS,SuperEOS,,,,,,,,,,
,376,MXW,Maxonrow,,,,,,,,,,
,377,ZNZ,ZENZO,,,,,,,,,,
,378,XCX,XChain,,,,,,,,,,
,379,SOX,SonicX,,,,,,,,,,
,380,NYZO,Nyzo,,,,,,,,,,
,381,ULC,ULCoin,,,,,,,,,,
,382,RYO,Ryo Currency,,,,,,,,,,
,383,KAL,Kaleidochain,,,,,,,,,,
,384,XSN,Stakenet,,,,,,,,,,
,385,DOGEC,DogeCash,,,,,,,,,,
,386,BMV,Bitcoin Matteo's Vision,,,,,,,,,,
,387,QBC,Quebecoin,,,,,,,,,,
,388,IMG,ImageCoin,,,,,,,,,,
,389,QOS,QOS,,,,,,,,,,
,390,PKT,PKT,,,,,,,,,,
,391,LHD,LitecoinHD,,,,,,,,,,
,392,CENNZ,CENNZnet,,,,,,,,,,
,393,HSN,Hyper Speed Network,,,,,,,,,,
,395,UMBRU,Umbru,,,,,,,,,,
,396,EVER,Everscale,,,,,,,,,,
,398,XPC,XPChain,,,,,,,,,,
,399,ZOC,01coin,,,,,,,,,,
,400,NIX,NIX,,,,,0x26,0x35,,,,
,401,UC,Utopiacoin,,,,,,,,,,
,402,GALI,Galilel,,,,,,,,,,
,403,OLT,Oneledger,,,,,,,,,,
,404,XBI,XBI,,,,,,,,,,
,405,DONU,DONU,,,,,,,,,,
,406,EARTHS,Earths,,,,,,,,,,
,407,HDD,HDDCash,,,,,,,,,,
,408,SUGAR,Sugarchain,,,,,0x3f,0x7d,,,,
,409,AILE,AileCoin,,,,,,,,,,
,410,TENT,TENT,,,,,,,,,,
,411,TAN,Tangerine Network,,,,,,,,,,
,412,AIN,AIN,,,,,,,,,,
,413,MSR,Masari,,,,,,,,,,
,414,SUMO,Sumokoin,,,,,,,,,,
,415,ETN,Electroneum,,,,,,,,,,
,416,BYTZ,BYTZ,,,,,,,,,,
,417,WOW,Wownero,,,,,,,,,,
,418,XTNC,XtendCash,,,,,,,,,,
,419,LTHN,Lethean,,,,,,,,,,
,420,NODE,NodeHost,,,,,,,,,,
游릭,421,AGM,Argoneum,secp256k1,sha256,,,0x32,0x61,0xbf,,,
,422,CCX,Conceal Network,,,,,,,,,,
,423,TNET,Title Network,,,,,,,,,,
,424,TELOS,TelosCoin,,,,,,,,,,
,425,AION,Aion,,,,,,,,,,
,426,BC,Bitcoin Confidential,,,,,,,,,,
,427,KTV,KmushiCoin,,,,,,,,,,
,428,ZCR,ZCore,,,,,,,,,,
,429,ERG,Ergo,,,,,,,,,,
,430,PESO,Criptopeso,,,,,,,,,,
,431,BTC2,Bitcoin 2,,,,,,,,,,
,432,XRPHD,XRPHD,,,,,,,,,,
,433,WE,WE Coin,,,,,,,,,,
,434,KSM,Kusama,,,,,,,,,,
,435,PCN,Peepcoin,,,,,,,,,,
,436,NCH,NetCloth,,,,,,,,,,
,437,ICU,CHIPO,,,,,,,,,,
,438,FNSA,FINSCHIA,,,,,,,,,,
,439,DTP,DeVault Token Protocol,,,,,,,,,,
,440,BTCR,Bitcoin Royale,,,,,,,,,,
,441,AERGO,AERGO,,,,,,,,,,
,442,XTH,Dothereum,,,,,,,,,,
,443,LV,Lava,,,,,,,,,,
,444,PHR,Phore,,,0x0221312B,0x022D2533,0x37,0x0D,0xD4,,,
,445,VITAE,Vitae,,,,,,,,,,
,446,COCOS,Cocos-BCX,,,,,,,,,,
,447,DIN,Dinero,,,,,,,,,,
,448,SPL,Simplicity,,,,,,,,,,
,449,YCE,MYCE,,,,,,,,,,
,450,XLR,Solaris,,,,,,,,,,
,451,KTS,Klimatas,,,,,,,,,,
,452,DGLD,DGLD,,,,,,,,,,
,453,XNS,Insolar,,,,,,,,,,
,454,EM,EMPOW,,,,,,,,,,
,455,SHN,ShineBlocks,,,,,,,,,,
,456,SEELE,Seele,,,,,,,,,,
,457,AE,Aeternity,,,,,,,,,1700,
,458,ODX,ObsidianX,,,,,,,,,,
,459,KAVA,Kava,,,,,,,,TRUE,,
,460,GLEEC,GLEEC,,,,,,,,,,
,462,RUTA,Rutanio,,,,,,,,,,
,463,CSDT,CSDT,,,,,,,,,,
,464,ETI,EtherInc,,,,,,,,,,
,465,ZSLP,Zclassic Simple Ledger Protocol,,,,,,,,,,
,466,ERE,EtherCore,,,,,,,,,,
,467,DX,DxChain Token,,,,,,,,,,
,468,CPS,Capricoin+,,,,,,,,,,
,469,BTH,Bithereum,,,,,,,,,,
,470,MESG,MESG,,,,,,,,,,
,471,FIMK,FIMK,,,,,,,,,,
,473,OGO,Origo,,,,,,,,,,
,474,ROSE,Oasis Network,,,,,,,,,,
,475,BARE,BARE Network,,,,,,,,,,
,476,GLEEC,GleecBTC,,,,,,,,,,
,477,CLR,Color Coin,,,,,,,,,,
,478,RNG,Ring,,,,,,,,,,
,479,OLO,Tool Global,,,,,,,,,,
,480,PEXA,Pexa,,,,,,,,,,
,481,MOON,Mooncoin,,,,,,,,,,
,482,OCEAN,Ocean Protocol,,,,,,,,,,
,483,BNT,Bluzelle Native,,,,,,,,,,
,484,AMO,AMO Blockchain,,,,,,,,,,
,485,FCH,FreeCash,,,,,,,,,,
,486,LAT,PlatON,,,,,,,,,,
,487,COIN,Bitcoin Bank,,,,,,,,,,
,488,VEO,Amoveo,,,,,,,,,,
,489,CCA,Counos Coin,,,,,,,,,,
,490,GFN,Graphene,,,,,,,,,,
,491,BIP,Minter Network,,,,,,,,,,
,492,KPG,Kunpeng Network,,,,,,,,,,
,493,FIN,FINL Chain,,,,,,,,,,
,494,BAND,Band,,,,,,,,,,
,495,DROP,Dropil,,,,,,,,,,
,496,BHT,Bluehelix Chain,,,,,,,,,,
,497,LYRA,Scrypta,,,,,,,,,,
,498,CS,Credits,,,,,,,,,,
,499,RUPX,Rupaya,,,,,,,,,,
,502,THT,ThoughtAI,,,0x5AEBD8C6,0xFBC6A00D,0x07,0x09,0x7B,,,
,504,KUMA,Kumacoin,,,,,,,,,,
,505,HASH,Provenance,,,,,,,,,,
,506,CSPR,Casper,,,,,,,,,,
,507,EARTH,EARTH,,,,,,,,,,
,509,CHI,Xaya,,,,,,,,,,
,510,KOTO,Koto,,,,,,,,,,
,511,OTC,?,,,,,,,,,,
,512,RXD,Radiant,,,,,,,,,,
,513,SEELEN,Seele-N,,,,,,,,,,
,514,AETH,AETH,,,,,,,,,,
,515,DNA,Idena,,,,,,,,,,
,516,VEE,Virtual Economy Era,,,,,,,,,,
,517,SIERRA,SierraCoin,,,,,,,,,,
,518,LET,Linkeye,,,,,,,,,,
,519,BSC,Bitcoin Smart Contract,,,,,,,,,,
,520,BTCV,BitcoinVIP,,,,,,,,,,
,521,ABA,Dabacus,,,,,,,,,,
,522,SCC,StakeCubeCoin,,,,,,,,,,
,523,EDG,Edgeware,,,,,,,,,,
,524,AMS,AmsterdamCoin,,,,,,,,,,
,525,GOSS,GOSSIP Coin,,,,,,,,,,
,526,BU,BUMO,,,,,,,,,,
,527,GRAM,GRAM,,,,,,,,,,
,528,YAP,Yapstone,,,,,,,,,,
,529,SCRT,Secret Network,,,,,,,,,,
,530,NOVO,Novo,,,,,,,,,,
,531,GHOST,Ghost,,,,,,,,,,
,532,HST,HST,,,,,,,,,,
,533,PRJ,ProjectCoin,,,0x0221312B,0x022D2533,0x37,0x08,0x75,,,
,534,YOU,YOUChain,,,,,,,,,,
,535,XHV,Haven Protocol,,,,,,,,,,
,536,BYND,Beyondcoin,,,,,,,,,,
,537,JOYS,Joys Digital,,,,,,,,,,
,538,VAL,Valorbit,,,,,,,,,,
,540,SMESH,Spacemesh Coin,,,,,,,,,,
,541,SCDO,SCDO,,,,,,,,,,
,542,IQS,IQ-Cash,,,,,,,,,,
,543,BIND,Compendia,,,,,,,,,,
,544,COINEVO,Coinevo,,,,,,,,,,
,545,SCRIBE,Scribe,,,,,0x3c,0x7d,0x6e,,,
,546,HYN,Hyperion,,,,,,,,,,
,547,BHP,BHP,,,,,,,,,,
,548,BBC,BigBang Core,,,,,,,,,,
,549,MKF,MarketFinance,,,,,,,,,,
,550,XDC,XinFin,,,,,,,,,,
,551,STR,Straightedge,,,,,,,,,,
,552,SUM,Sumcoin,,,,,,,,,,
,553,HBC,HuobiChain,,,,,,,,,,
,554,---,reserved,,,,,,,,,,
,555,BCS,Bitcoin Smart,,,,,,,,,,
,556,KTS,Kratos,,,,,,,,,,
,557,LKR,Lkrcoin,,,,,0x30,0x55,0xB0,,,
,558,TAO,Tao,,,,,,,,,,
,559,XWC,Whitecoin,,,0x048894ED,0x04887F1E,0x49,0x57,0xc9,,,
,560,DEAL,DEAL,,,,,,,,,,
,561,NTY,Nexty,,,,,,,,,,
,562,TOP,TOP NetWork,,,,,,,,,,
,563,---,reserved,,,,,,,,,,
,564,AG,Agoric,,,,,,,,,,
,565,CICO,Coinicles,,,,,,,,,,
,566,IRIS,Irisnet,,,,,,,,,,
,567,NCG,Nine Chronicles,,,,,,,,,,
,568,LRG,Large Coin,,,,,,,,,,
,569,SERO,Super Zero Protocol,,,,,,,,,,
,570,BDX,Beldex,,,,,,,,,,
,571,CCXX,Counos X,,,,,,,,,,
,572,SLS,Saluscoin,,,,,0x3f,0xc4,0xbf,,,
,573,SRM,Serum,,,,,,,,,,
,574,---,reserved,,,,,,,,,,
,575,VIVT,VIDT Datalink,,,,,,,,,,
,576,BPS,BitcoinPoS,,,,,,,,,,
,577,NKN,NKN,,,,,,,,,,
,578,ICL,ILCOIN,,,,,,,,,,
,579,BONO,Bonorum,,,,,,,,,,
,580,PLC,PLATINCOIN,,,,,,,,,,
,581,DUN,Dune,,,,,,,,,,
,582,DMCH,Darmacash,,,,,,,,,,
,583,CTC,Creditcoin,,,,,,,,,,
,584,KELP,Haidai Network,,,,,,,,,,
,585,GBCR,GoldBCR,,,,,,,,,,
,586,XDAG,XDAG,,,,,,,,,,
,587,PRV,Incognito Privacy,,,,,,,,,,
,588,SCAP,SafeCapital,,,,,,,,,,
,589,TFUEL,Theta Fuel,,,,,,,,,,
,590,GTM,Gentarium,,,,,,,,,,
,591,RNL,RentalChain,,,,,,,,,,
,592,GRIN,Grin,,,,,,,,,,
,593,MWC,MimbleWimbleCoin,,,,,,,,,,
,594,DOCK,Dock,,,,,,,,,,
,596,DIVER,Divergenti,,,,,,,,,,
,597,XEP,Electra Protocol,,,,,,,,,,
,598,APN,Apron,,,,,,,,,,
,599,TFC,Turbo File Coin,,,,,,,,,,
,600,UTE,Unit-e,,,,,,,,,,
,601,MTC,Metacoin,,,,,,,,,,
,602,NC,NobodyCash,,,,,,,,,,
,603,XINY,Xinyuehu,,,,,,,,,,
,604,DYN,Dynamo,,,,,,,,,,
,605,BUFS,Buffer,,,,,,,,,,
,606,STOS,Stratos,,,,,,,,,,
,608,TAFT,TAFT,,,,,,,,,,
,609,HYDRA,HYDRA,,,,,,,,,,
,610,NOR,Noir,,,,,,,,,,
,611,,Manta Network Private Asset,,,,,,,,,,
,612,,Calamari Network Private Asset,,,,,,,,,,
,613,WCN,Widecoin,,,,,,,,,,
,614,OPT,Optimistic Ethereum,,,,,,,,,,
,615,PSWAP,PolkaSwap,,,,,,,,,,
,616,VAL,Validator,,,,,,,,,,
,617,XOR,Sora,,,,,,,,,,
,618,SSP,SmartShare,,,,,,,,,,
,619,DEI,DeimosX,,,,,,,,,,
,620,---,reserved,,,,,,,,,,
,621,ZERO,Singularity,,,,,,,,,,
,622,ALPHA,AlphaDAO,,,,,,,,,,
,623,BDECO,BDCashProtocol Ecosystem,,,,,,,,,,
,624,NOBL,Nobility,,,,,,,,,,
,625,EAST,Eastcoin,,,,,,,,,,
,626,KDA,Kadena,,,,,,,,,,
,627,SOUL,Phantasma,,,,,,,,,,
,628,LORE,Gitopia,,,,,,,,,,
,629,FNR,Fincor,,,,,,,,,,
,630,NEXUS,Nexus,,,,,,,,,,
,631,QTZ,Quartz,,,,,,,,,,
,632,MAS,Massa,,,,,,,,,,
,633,CALL,Callchain,,,,,,,,,,
,634,VAL,Validity,,,,,,,,,,
,635,POKT,Pocket Network,,,,,,,,,,
,636,EMIT,EMIT,,,,,,,,,,
,638,ADON,ADON,,,,,,,,,,
,639,BTSG,BitSong,,,,,,,,,,
,640,LFC,Leofcoin,,,,,,,,,,
,641,KCS,KuCoin Shares,,,,,,,,,,
,642,KCC,KuCoin Community Chain,,,,,,,,,,
,643,AZERO,Aleph Zero,,,,,,,,,,
,644,TREE,Tree,,,,,,,,,,
,645,LX,Lynx,,,,,,,,,,
,646,XLN,Lunarium,,,,,,,,,,
,647,CIC,CIC Chain,,,,,,,,,,
,648,ZRB,Zarb,,,,,,,,,,
,649,---,reserved,,,,,,,,,,
,650,UCO,Archethic,,,,,,,,,,
,651,SFX,Safex Cash,,,,,,,,,,
,652,SFT,Safex Token,,,,,,,,,,
,653,WSFX,Wrapped Safex Cash,,,,,,,,,,
,654,USDG,US Digital Gold,,,,,,,,,,
,655,WMP,WAMP,,,,,,,,,,
,656,EKTA,Ekta,,,,,,,,,,
,657,YDA,YadaCoin,,,,,,,,,,
,658,WHIVE,Whive,,,,,,,,,,
,659,KOIN,Koinos,,,,,,,,,,
,660,PIRATE,PirateCash,,,,,,,,,,
,661,UNQ,Unique,,,,,,,,,,
,662,ULM,UltonSmartchain,,,,,,,,,,
,663,SFRX,EtherGem Sapphire,,,,,,,,,,
,664,BSTY,GlobalBoost-Y,,,,,,,,,,
,665,IMP,Impact Protocol,,,,,,,,,,
,666,ACT,Achain,,,,,,,,,,
,667,PRKL,Perkle,,,,,,,,,,
,668,SSC,SelfSell,,,,,,,,,,
,669,GC,GateChain,,,,,,,,,,
,670,PLGR,Pledger,,,,,,,,,,
,671,MPLGR,Pledger,,,,,,,,,,
,672,KNOX,Knox,,,,,,,,,,
,673,ZED,ZED,,,,,,,,,,
,674,CNDL,Candle,,,,,,,,,,
,675,WLKR,Walker Crypto Innovation Index,,,,,,,,,,
,676,WLKRR,Walker,,,,,,,,,,
,677,YUNGE,Yunge,,,,,,,,,,
,678,VOKEN,Voken,,,,,,,,,,
,679,APL,Apollo,,,,,,,,,,
,680,EVRYNET,Evrynet,,,,,,,,,,
,681,NENG,Nengcoin,,,,,,,,,,
,682,CHTA,Cheetahcoin,,,,,,,,,,
,683,ALEO,Aleo Network,,,,,,,,,,
,684,HMS,Hemis,,,,,,,,,,
,685,OAS,Oasys,,,,,,,,,,
,686,KAR,Karura Network,,,,,,,,,,
,687,FLON,FullOn Network,,,,,,,,,,
,688,CET,CoinEx Chain,,,,,,,,,,
,689,XLINK,XLink Chain,,,,,,,,,,
,690,KLV,KleverChain,,,,,,,,,,
,691,TNT,Tangle,,,,,,,,,,
,692,,,,,,,,,,,,
,693,,,,,,,,,,,,
,694,VTBC,VTB Community,,,,,,,,,,
,695,,,,,,,,,,,,
,696,,,,,,,,,,,,
,697,,,,,,,,,,,,
,698,VEIL,Veil,,,,,,,,,,
,699,GTB,GotaBit,,,,,,,,,,
,700,XDAI,xDai,,,,,,,,TRUE,,
,701,COM,Commercio,,,,,,,,,,
,702,CCC,Commercio Cash Credit,,,,,,,,,,
,703,SNR,Sonr,,,,,,,,,,
,704,RAQ,Ra Quantum,,,,,,,,,,
,705,PEG,Pegasus Token,,,,,,,,,,
,706,LKG,Lionking,,,,,,,,,,
,707,MCOIN,Moneta Coin,,,,,,,,,,
,708,,,,,,,,,,,,
,709,AVAIL,Avail,,,,,,,,,,
,710,FURY,Highbury,,,,,,,,,,
,711,CHC,Chaincoin,,,,,,,,,,
,712,SERF,Serfnet,,,,,,,,,,
,713,XTL,Katal Chain,,,,,,,,,,
,715,SIN,Sinovate,,,,,,,,,,
,716,DLN,Delion,,,,,,,,,,
,717,BONTE,Bontecoin,,,,,,,,,,
,718,PEER,Peer,,,,,,,,,,
,719,ZET,Zetacoin,,,,,0x50,0x09,0xe0,,,
,720,ABY,Artbyte,,,,,,,,,,
,721,PGX,Mirai Chain,,,,,,,,,,
,722,IL8P,InfiniLooP,,,,,,,,,,
,723,VOI,Voi,,,,,,,,,,
,724,XVC,Vanillacash,,,,,,,,,,
,725,MCX,MultiCash,,,,,,,,,,
,726,,,,,,,,,,,,
,727,BLU,BluCrates,,,,,,,,,,
,728,,,,,,,,,,,,
,729,,,,,,,,,,,,
,730,HEALIOS,Tenacity,,,,,,,,,,
,731,BMK,Bitmark,,,,,,,,,,
,732,,,,,,,,,,,,
,733,,,,,,,,,,,,
,734,DENTX,DENTNet,,,,,,,,,,
,735,,,,,,,,,,,,
,736,,,,,,,,,,,,
,737,ATOP,Financial Blockchain,,,,,,,,,,
,738,,,,,,,,,,,,
,739,,,,,,,,,,,,
,740,,,,,,,,,,,,
,741,,,,,,,,,,,,
,742,,,,,,,,,,,,
,743,,,,,,,,,,,,
,744,,,,,,,,,,,,
,745,,,,,,,,,,,,
,746,,,,,,,,,,,,
,747,CFG,Centrifuge,,,,,,,,,,
,748,,,,,,,,,,,,
,749,,,,,,,,,,,,
,750,XPRT,Persistence,,,,,,,,,,
,751,,,,,,,,,,,,
,752,,,,,,,,,,,,
,753,,Age X25519 Encryption,,,,,,,,,,
,754,,Age NIST Encryption,,,,,,,,,,
,755,,,,,,,,,,,,
,756,,,,,,,,,,,,
,757,HONEY,HoneyWood,,,,,,,,,,
,758,,,,,,,,,,,,
,759,,,,,,,,,,,,
,760,,,,,,,,,,,,
,761,,,,,,,,,,,,
,762,,,,,,,,,,,,
,763,,,,,,,,,,,,
,764,,,,,,,,,,,,
,765,,,,,,,,,,,,
,766,,,,,,,,,,,,
,767,,,,,,,,,,,,
,768,BALLZ,Ballzcoin,,,,,,,,,,
,769,,,,,,,,,,,,
,770,COSA,Cosanta,,,,,,,,,,
,771,BR,BR,,,,,,,,,,
,772,,,,,,,,,,,,
,773,CSB,CosmoBliss,,,,,,,,,,
,774,,,,,,,,,,,,
,775,PLSR,Pulsar Coin,,,,,,,,,,
,776,KEY,Keymaker Coin,,,,,,,,,,
,777,BTW,Bitcoin World,,,,,,,,,,
,778,,,,,,,,,,,,
,779,,,,,,,,,,,,
,780,PLCUC,PLC Ultima Classic,,,,,,,,,,
,781,PLCUX,PLC Ultima X,,,,,,,,,,
,782,PLCU,PLC Ultima,,,,,,,,,,
,783,SMARTBC,SMART Blockchain,,,,,,,,,,
,784,SUI,Sui,,,,,,,,,,
,785,,,,,,,,,,,,
,786,UIDD,UIDD,,,,,,,,,,
,787,ACA,Acala,,,,,,,,,,
,788,BNC,Bifrost,,,,,,,,,,
,789,TAU,Lamden,,,,,,,,,,
,790,,,,,,,,,,,,
,791,,,,,,,,,,,,
,792,,,,,,,,,,,,
,793,,,,,,,,,,,,
,794,INTR,Interlay,,,,,,,,,,
,795,KINT,Kintsugi,,,,,,,,,,
,796,,,,,,,,,,,,
,797,,,,,,,,,,,,
,798,,,,,,,,,,,,
,799,PDEX,Polkadex,,,,,,,,,,
,800,BEET,Beetle Coin,,,,,0x1A,0x55,0x99,,,
,801,DST,DSTRA,,,,,,,,,,
,802,CY,Cyberyen,,,,,,,,,,
,803,RYME,Ryme Network,,,,,,,,,,
,804,ZKS,zkSync,,,,,,,,,,
,805,,,,,,,,,,,,
,806,,,,,,,,,,,,
,807,,,,,,,,,,,,
,808,QVT,Qvolta,,,,,,,,,,
,809,SDN,Shiden Network,,,,,,,,TRUE,,
,810,ASTR,Astar Network,,,,,,,,,,
,811,---,reserved,,,,,,,,,,
,812,,,,,,,,,,,,
,813,MEER,Qitmeer,,,,,,,,,,
,814,,,,,,,,,,,,
,815,,,,,,,,,,,,
,816,FSC,FSC,,,,,,,,,,
,817,,,,,,,,,,,,
,819,REEF,Reef,,,,,,,,,,
,820,CLO,Callisto,,,,,,,,,,
,821,,,,,,,,,,,,
,822,BDB,BigchainDB,,,,,,,,,,
,823,,,,,,,,,,,,
,824,RBNT,Redbelly Network,,,,,,,,,,
,825,,,,,,,,,,,,
,826,,,,,,,,,,,,
,827,ACE,Endurance,,,,,,,,,,
,828,CCN,ComputeCoin,,,,,,,,,,
,829,BBA,BBACHAIN,,,,,,,,,,
,830,,,,,,,,,,,,
,831,CRUZ,cruzbit,,,,,,,,,,
,832,SAPP,Sapphire,,,,,,,,,,
,833,777,Jackpot,,,,,,,,,7305,
,834,KYAN,Kyanite,,,,,,,,,,
,835,AZR,Azzure,,,,,,,,,,
,836,CFL,CryptoFlow,,,,,,,,,,
,837,DASHD,Dash Diamond,,,,,,,,,,
,838,TRTT,Trittium,,,,,,,,,,
,839,UCR,Ultra Clear,,,,,,,,,,
,840,PNY,Peony,,,,,,,,,,
,841,BECN,Beacon,,,,,,,,,,
,842,MONK,Monk,,,,,,,,,,
,843,SAGA,CryptoSaga,,,,,,,,,,
,844,SUV,Suvereno,,,,,,,,,,
,845,ESK,EskaCoin,,,,,,,,,,
,846,OWO,OneWorld Coin,,,,,,,,,,
,847,PEPS,PEPS Coin,,,,,,,,,,
,848,BIR,Birake,,,,,,,,,,
,849,MOBIC,MobilityCoin,,,,,,,,,,
,850,FLS,Flits,,,,,,,,,,
,851,FRECO,Freco,,,,,,,,,,
,852,DSM,Desmos,,,,,,,,,,
,853,PRCY,PRCY Coin,,,,,,,,,,
,854,,,,,,,,,,,,
,855,,,,,,,,,,,,
,856,,,,,,,,,,,,
,857,,,,,,,,,,,,
,858,HVH,HAVAH,,,,,,,,,,
,859,,,,,,,,,,,,
,860,,,,,,,,,,,,
,861,,,,,,,,,,,,
,862,,,,,,,,,,,,
,863,,,,,,,,,,,,
,864,,,,,,,,,,,,
,865,,,,,,,,,,,,
,866,MOB,MobileCoin,,,,,,,,,,
,867,,,,,,,,,,,,
,868,IF,Infinitefuture,,,,,,,,,,
,869,,,,,,,,,,,,
,870,,,,,,,,,,,,
,871,,,,,,,,,,,,
,872,,,,,,,,,,,,
,873,,,,,,,,,,,,
,874,,,,,,,,,,,,
,875,,,,,,,,,,,,
,876,,,,,,,,,,,,
,877,NAM,Namada,,,,,,,,,,
,878,SCR,Scorum Network,,,,,,,,,,
,879,,,,,,,,,,,,
,880,LUM,Lum Network,,,,,,,,,,
,881,,,,,,,,,,,,
,882,,,,,,,,,,,,
,883,ZBC,ZooBC,,,,,,,,,,
,884,,,,,,,,,,,,
,885,,,,,,,,,,,,
,886,ADF,AD Token,,,,,,,,,,
,887,,,,,,,,,,,,
,889,TOMO,TOMO,,,,,,,,,,
,890,XSEL,Seln,,,,,,,,,,
,891,,,,,,,,,,,,
,892,,,,,,,,,,,,
,893,,,,,,,,,,,,
,894,,,,,,,,,,,,
,895,,,,,,,,,,,,
,896,LKSC,LKSCoin,,,,,,,,,,
,897,,,,,,,,,,,,
,898,AS,Assetchain,,,,,,,,,,
,900,LMO,Lumeneo,,,,,,,,,,
,901,NXT,NxtMeta,,,,,,,,,,
,902,,,,,,,,,,,,
,903,,,,,,,,,,,,
,904,HNT,Helium,,,,,,,,,,
,905,,,,,,,,,,,,
,906,XPX,Sirius,,,,,,,,,,
,907,FIS,StaFi,,,,,,,,,,
,908,,,,,,,,,,,,
,909,SGE,Saage,,,,,,,,,,
,910,,,,,,,,,,,,
,911,GERT,Gert,,,,,,,,,,
,912,,,,,,,,,,,,
,913,VARA,Vara Network,,,,,,,,,,
,914,,,,,,,,,,,,
,915,,,,,,,,,,,,
,916,META,Metadium,,,,,,,,,,
,917,FRA,Findora,,,,,,,,,,
,918,,,,,,,,,,,,
,919,CCD,Concordium,,,,,,,,,,
,920,,,,,,,,,,,,
,921,AVN,Avian Network,,,,,,,,,,
,922,,,,,,,,,,,,
,923,,,,,,,,,,,,
,924,,,,,,,,,,,,
,925,DIP,Dipper Network,,,,,,,,,,
,926,,,,,,,,,,,,
,927,,,,,,,,,,,,
,928,GHM,HermitMatrixNetwork,,,,,,,,,,
,929,,,,,,,,,,,,
,930,,,,,,,,,,,,
,932,,,,,,,,,,,,
,933,,,,,,,,,,,,
,934,,,,,,,,,,,,
,935,,,,,,,,,,,,
,936,,,,,,,,,,,,
,937,,,,,,,,,,,,
,938,MGO,Mango Network,,,,,,,,,,
,939,AB,Argot Protocol,,,,,,,,,,
,940,,,,,,,,,,,,
,941,---,reserved,,,,,,,,,,
,942,KCN,Kylacoin,,,,,,,,,,
,943,LCN,Lyncoin,,,,,,,,,,
,944,,,,,,,,,,,,
,945,UNLOCK,Jasiri protocol,,,,,,,,,,
,946,,,,,,,,,,,,
,947,,,,,,,,,,,,
,948,,,,,,,,,,,,
,949,,,,,,,,,,,,
,950,,,,,,,,,,,,
,951,,,,,,,,,,,,
,952,,,,,,,,,,,,
,953,,,,,,,,,,,,
,954,,,,,,,,,,,,
,955,LTP,LifetionCoin,,,,,,,,,,
,956,,,,,,,,,,,,
,957,,,,,,,,,,,,
,958,KSOC,KickSoccer,,,,,,,,,,
,959,,,,,,,,,,,,
,960,VKAX,Vkax,,,,,,,,,,
,961,,,,,,,,,,,,
,962,,,,,,,,,,,,
,963,,,,,,,,,,,,
,964,,,,,,,,,,,,
,965,,,,,,,,,,,,
,966,MATIC,Matic,,,,,,,,TRUE,,
,967,,,,,,,,,,,,
,968,UNW,UNW,,,,,,,,,,
,969,QI,Quai Network,,,,,,,,,,
,970,TWINS,TWINS,,,0x0221312B,0x022D2533,0x49,0x53,0x42,,,
,971,,,,,,,,,,,,
,972,,,,,,,,,,,,
,973,,,,,,,,,,,,
,974,,,,,,,,,,,,
,975,,,,,,,,,,,,
,976,,,,,,,,,,,,
,977,TLOS,Telos,,,,,,,,,,
,978,,,,,,,,,,,,
,979,,,,,,,,,,,,
,980,,,,,,,,,,,,
,981,TAFECO,Taf ECO Chain,,,,,,,,,,
,982,,,,,,,,,,,,
,983,,,,,,,,,,,,
,984,,,,,,,,,,,,
,985,AU,Autonomy,,,,,,,,,,
,986,,,,,,,,,,,,
,987,VCG,VipCoin,,,,,,,,,,
,988,XAZAB,Xazab core,,,,,,,,,,
,990,CORE,Coreum,,,,,,,,,,
,991,PEC,Phoenix,,,,,,,,,,
,992,UNT,Unit,,,,,,,,,,
,993,XRB,X Currency,,,,,,,,,,
,994,QUAI,Quai Network,,,,,,,,,,
,995,CAPS,Ternoa,,,,,,,,,,
,996,OKT,OKChain Token,,,,,,,,TRUE,,
,997,SUM,Solidum,,,,,,,,,,
,998,LBTC,Lightning Bitcoin,,,,,,,,,,
,999,BCD,Bitcoin Diamond,,,,,,,,,,
,1000,BTN,Bitcoin New,,,,,,,,,,
,1001,TT,ThunderCore,,,,,,,,,,
,1002,BKT,BanKitt,,,,,,,,,,
,1003,NODL,Nodle,,,,,,,,,,
,1004,PCOIN,PCOIN,,,,,,,,,,
,1005,TAO,Bittensor,,,,,,,,,,
,1006,HSK,HashKey Chain,,,,,,,,,,
,1008,RPG,RPG,,,,,,,,,,
,1009,LAKE,iconLake,,,,,,,,,,
,1010,HT,Huobi ECO Chain,,,,,,,,,,
,1011,ELV,Eluvio,,,,,,,,,,
,1012,JOC,Japan Open Chain,,,,,,,,,,
,1013,BIC,Beincrypto,,,,,,,,,,
,1014,JOY,Joystream,,,,,,,,,,
,1016,---,reserved,,,,,,,,,,
,1020,EVC,Evrice,,,,,,,,,,
,1022,XRD,Radix DLT,,,,,,,,,,
,1023,ONE,HARMONY-ONE (Legacy),,,,,,,,,,
,1024,ONT,Ontology,,,,,,,,,,
,1025,CZZ,Classzz,,,,,,,,,,
,1026,KEX,Kira Exchange Token,,,,,,,,,,
,1027,MCM,Mochimo,,,,,,,,,,
,1028,PLS,Pulse Coin,,,,,,,,,,
,1032,BTCR,BTCR,,,,,,,,,,
,1042,MFID,Moonfish ID,,,,,,,,,,
,1111,BBC,Big Bitcoin,,,,,,,,,,
,1120,RISE,RISE,,,,,,,,,,
,1122,CMT,CyberMiles Token,,,,,,,,,,
,1128,ETSC,Ethereum Social,,,,,,,,,,
,1129,DFI,DeFiChain,,,,,,,,,,
,1130,DFI,DeFiChain EVM Network,,,,,,,,,,
,1137,$DAG,Constellation Labs,,,,,,,,,,
,1145,CDY,Bitcoin Candy,,,,,,,,,,
,1155,ENJ,Enjin Coin,,,,,,,,,,
,1170,HOO,Hoo Smart Chain,,,,,,,,,,
,1234,ALPH,Alephium,,,,,,,,,,
,1236,,Masca,,,,,,,,,,
,1237,NOSTR,Nostr,,,,,,,,,,
,1280,,Kudos Setler,,,,,,,,,,
,1284,GLMR,Moonbeam,,,,,,,,TRUE,,
,1285,MOVR,Moonriver,,,,,,,,TRUE,,
,1298,WPC,Wpc,,,,,,,,,,
,1308,WEI,WEI,,,,,,,,,,
,1337,DFC,Defcoin,,,,,0x1e,,0x9e,,,
,1338,IRON,Iron Fish,,,,,,,,,,
,1348,ISLM,IslamicCoin,,,,,,,,,,
,1397,HYC,Hycon,,,,,,,,,,
,1410,TENTSLP,TENT Simple Ledger Protocol,,,,,,,,,,
,1510,XSC,XT Smart Chain,,,,,,,,,,
,1512,AAC,Double-A Chain,,,,,,,,,,
,1524,TLR,Taler,,,,,,,,,,
,1533,BEAM,Beam,,,,,,,,,,
,1551,SDK,Sovereign SDK,,,,,,,,,,
,1555,APC,Apc Chain,,,,,,,,,,
,1616,ELF,AELF,,,,,,,,,,
,1618,AUDL,AUDL,,,,,,,,,,
,1620,ATH,Atheios,,,,,,,,,,
,1627,LUME,Lume Web,,,,,,,,,,
,1642,NEW,Newton,,,,,,,,,,
,1657,BTA,Btachain,,,,,,,,,,
,1668,NEOX,Neoxa,,,,,,,,,,
,1669,MEWC,Meowcoin,,,,,,,,,,
,1688,BCX,BitcoinX,,,,,,,,,,
,1776,LBTC,Liquid BTC,,,,,,,,,,
,1777,BBP,Biblepay,,,,,,,,,,
,1784,JPYS,JPY Stablecoin,,,,,,,,,,
,1789,VEGA,Vega Protocol,,,,,,,,,,
,1818,CUBE,Cube Chain Native Token,,,,,,,,,,
,1856,TES,Teslacoin,,,,,,,,,,
,1888,ZTX,Zetrix,,,,,,,,,,
,1899,XEC,eCash token,,,,,,,,,,
,1900,XNA,Neurai,,,,,,,,,,
,1901,CLC,Classica,,,,,,,,,,
,1907,BITCI,Bitcicoin,,,,,,,,,,
,1919,VIPS,VIPSTARCOIN,,,,,,,,,,
,1926,CITY,City Coin,,,,,0x1c,0x58,0xed,,,
,1955,XX,xx coin,,,,,,,,,,
,1977,XMX,Xuma,,,,,,,,,,
,1984,TRTL,TurtleCoin,,,,,,,,,,
,1985,SLRT,Solarti Chain,,,,,,,,,,
,1986,QTH,Qing Tong Horizon,,,,,,,,,,
,1987,EGEM,EtherGem,,,,,,,,,,
,1988,MIRA,Mira Chain,,,,,,,,,,
,1989,HODL,HOdlcoin,,,,,,,,,,
,1990,PHL,Placeholders,,,,,,,,,,
,1991,SC,Sia,secp256k1,Blake2b,,,,,,,,
,1996,MYT,Mineyourtime,,,,,,,,,,
,1997,POLIS,Polis,,,,,,,,,,
,1998,XMCC,Monoeci,,,,,,,,,,
,1999,COLX,ColossusXT,,,,,,,,,,
,2000,GIN,GinCoin,,,,,,,,,,
,2001,MNP,MNPCoin,,,,,,,,,,
,2002,MLN,Miraland,,,,,,,,,,
,2017,KIN,Kin,,,,,,,,,,
,2018,EOSC,EOSClassic,,,,,,,,,,
,2019,GBT,GoldBean Token,,,,,,,,,,
,2020,PKC,PKC,,,,,,,,,,
,2021,SKT,Sukhavati,,,,,,,,,,
,2022,XHT,Xinghuo Token,,,,,,,,,,
,2023,COC,Chat On Chain,,,,,,,,,,
,2024,USBC,Universal Ledger USBC,,,,,,,,,,
,2025,ROCK,Zenrock Labs,,,,,,,,,,
,2046,ANY,Any,,,,,,,,,,
,2048,MCASH,MCashChain,,,,,,,,,,
,2049,TRUE,TrueChain,,,,,,,,,,
,2050,MOVO,Movo Smart Chain,,,,,,,,,,
,2086,KILT,KILT Spiritnet,,,,,,,,,,
,2109,SAMA,Exosama Network,,,,,,,,,,
,2112,IOTE,IoTE,,,,,,,,,,
,2125,BAY,BitBay,,,,,,,,,,
,2137,XRG,Ergon,,,,,,,,,,
,2199,SAMA,Moonsama Network,,,,,,,,,,
,2221,ASK,ASK,,,,,,,,,,
,2222,CWEB,Coinweb,,,,,,,,,,
,2285,QIYI,Qiyi Chain,,,,,,,,,,
,2301,QTUM,QTUM,,,,,0x3A,0x32,,,,
,2302,ETP,Metaverse,,,,,,,,,,
,2303,GXC,GXChain,,,,,,,,,,
,2304,CRP,CranePay,,,,,0x1C,0x0A,0x7B,,,
,2305,ELA,Elastos,,,,,0x21,0xc4,0xef,,,
,2338,SNOW,Snowblossom,,,,,,,,,,
,2365,XIN,Mixin,,,,,,,,,,
,2500,NEXI,Nexi,,,,,,,,,,
,2570,AOA,Aurora,,,,,,,,,,
,2686,AIPG,AIPowerGrid,,,,,,,,,,
,2718,NAS,Nebulas,,,,,,,,,,
,2894,REOSC,REOSC Ecosystem,,,,,,,,,,
,2941,BND,Blocknode,,,,,0x19,0x3F,0x4b,,,
,3000,SM,Stealth Message,,,,,,,,,,
,3003,LUX,LUX,,,,,,,,,,
,3077,COS,Contentos,,,,,,,,,,
,3276,CCC,CodeChain,,,,,,,,,,
,3333,SXP,Solar,,,,,,,,,,
,3377,ROI,ROIcoin,,,,,,,,,,
,3381,DYN,Dynamic,,,,,,,,,,
,3383,SEQ,Sequence,,,,,,,,,,
,3501,JFIN,JFIN Coin,,,,,,,,,,
,3552,DEO,Destocoin,,,,,,,,,,
,3564,DST,DeStream,,,,,,,,,,
,3601,CY,Cybits,,,,,,,,,,
,3757,MPC,Partisia Blockchain,,,,,,,,,,
,4040,FC8,FCH Network,,,,,,,,,,
,4096,YEE,YeeCo,,,,,,,,,,
,4219,SMR,Shimmer,,,,,,,,,,
,4242,AXE,Axe,,,,,0x37,0x10,0xcc,,,
,4343,XYM,Symbol,,,,,,,,,,
,4444,C4E,Chain4Energy,,,,,,,,,,
,4919,XVM,Venidium,,,,,,,,,,
,4999,BXN,BlackFort Exchange Network,,,,,,,,,,
,5000,V12,Vet The Vote,,,,,,,,,,
,5006,SBC,Senior Blockchain,,,,,,,,,,
,5248,FIC,FIC,,,,,,,,,,
,5353,HNS,Handshake,,,,,,,,,,
,5404,ISK,ISKRA,,,,,,,,,,
,5467,ALTME,ALTME,,,,,,,,,,
,5555,FUND,Unification,,,,,,,,,,
,5895,VOW,VowChain VOW,,,,,,,,,,
,5920,SLU,SILUBIUM,,,,,,,,,,
,5995,DUSK,Dusk Network,,,,,,,,,,
,6060,GO,GoChain GO,,,,,,,,,,
,6144,DTS,Datos,,,,,,,,,,
,6174,MOI,My Own Internet,,,,,,,,,,
,6278,STEAMX,Rails Network Mainnet,,,,,,,,,,
,6532,UM,Penumbra,,,,,,,,,,
,6599,RSC,Royal Sports City,,,,,,,,,,
,6666,BPA,Bitcoin Pizza,,,,,,,,,,
,6688,SAFE,SAFE,,,,,,,,,,
,6779,COTI,COTI,,,,,,,,,,
,6969,ROGER,TheHolyrogerCoin,,,,,,,,,,
,7000,ZETA,ZetaChain,,,,,,,,,,
,7027,ELLA,Ella the heart,,,,,,,,,,
,7028,AA,Arthera,,,,,,,,,,
,7091,TOPL,Topl,,,,,,,,,,
,7331,KLY,KLYNTAR,,,,,,,,,,
,7341,SHFT,Shyft,,,,,,,,,,
,7518,MEV,MEVerse,,,,,,,,,,
,7576,ADIL,ADIL Chain,,,,,,,,,,
,7777,BTV,Bitvote,,,,,,,,,,
,7779,CPV,Compverse,,,,,,,,,,
,8000,SKY,Skycoin,,,,,,,,,,
,8080,DSRV,DSRV,,,,,,,,,,
,8181,BOC,BeOne Chain,,,,,,,,,,
,8192,PAC,pacprotocol,,,,,,,,,,
,8339,BTQ,BitcoinQuark,,,,,,,,,,
,8444,XCH,Chia,,,,,,,,,,
,8520,---,reserved,,,,,,,,,,
,8680,PLMNT,Planetmint,,,,,,,,,,
,8866,GGX,Golden Gate,,,,,,,,,,
,8886,GGXT,Golden Gate Sydney,,,,,,,,,,
,8888,SBTC,Super Bitcoin,,,,,,,,,,
,8964,NULS,NULS,,,,,,,,,,
,8997,BBC,Babacoin,,,,,,,,,,
,8998,JGC,JagoanCoin,,,,,,,,,,
,8999,BTP,Bitcoin Pay,,,,,,,,,,
,9001,ARB1,Arbitrum,,,,,,,,TRUE,,
,9002,BOBA,Boba,,,,,,,,,,
,9003,LOOP,Loopring,,,,,,,,,,
,9004,STRK,StarkNet,,,,,,,,,,
,9797,NRG,Energi,,,0xD7DC6E9F,0x03B8C856,0x21,0x35,0x6a,,,
,9888,BTF,Bitcoin Faith,,,,,,,,,,
,9999,GOD,Bitcoin God,,,,,,,,,,
,10000,FO,FIBOS,,,,,,,,,,
,10001,SPACE,Space,,,,,,,,,,
,10111,DHP,dHealth,,,,,,,,,,
,10226,RTM,Raptoreum,,,,,,,,,,
,10242,AA,Arthera,,,,,,,,,,
,10291,XRC,XRhodium,,,,,,,,,,
,10507,NUM,Numbers Protocol,,,,,,,,,,
,10605,XPI,Lotus,,,,,,,,,,
,11111,ESS,Essentia One,,,,,,,,,,
,11742,VARCH,InvArch,,,,,,,,,,
,11743,TNKR,Tinkernet,,,,,,,,,,
,12345,IPOS,IPOS,,,,,,,,,,
,13107,BTY,BitYuan,,,,,,,,,,
,13108,YCC,Yuan Chain Coin,,,,,,,,,,
,13381,PHX,Phoenix,,,,,,,,,,
,14001,WAX,Worldwide Asset Exchange,,,,,,,,,,
,15845,SDGO,SanDeGo,,,,,,,,,,
,16181,XTX,Totem Live Network,,,,,,,,,,
,16754,ARDR,Ardor,,,,,,,,,,
,18000,MTR,Meter,,,,,,,,,,
,19165,SAFE,Safecoin,,,,,0x3d,0x56,0xbd,,,
,19167,FLUX,Flux,,,,,,,,,,
,19169,RITO,Ritocoin,,,,,0x19,0x69,0x8b,,,
,19788,ML,Mintlayer,,,,,,,,,,
,20036,XND,ndau,,,,,,,,,,
,21004,C4EI,c4ei,,,,,,,,,,
,21337,XAH,Xahau,,,,,,,,,,
,21888,PAC,Pactus,,,,,,,,,,
,22504,PWR,PWRcoin,,,,,,,,,,
,23000,EPIC,Epic Cash,,,,,,,,,,
,25252,BELL,Bellcoin,,,,,,,,,,
,25718,CHX,Own,,,,,,,,,,
,26417,G1,G1,,,,,,,,,,
,29223,NEXA,Nexa,,,,,,,,,,
,30001,---,reserved,,,,,,,,,,
,31102,ESN,EtherSocial Network,,,,,,,,,,
,31337,,ThePower,,,,,,,,,,
,33416,TEO,Trust Eth reOrigin,,,,,,,,,,
,33878,BTCS,Bitcoin Stake,,,,,,,,,,
,34952,BTT,ByteTrade,,,,,,,,,,
,37992,FXTC,FixedTradeCoin,,,,,,,,,,
,39321,AMA,Amabig,,,,,,,,,,
,42069,FACT,FACT0RN,,,,,,,,,,
,43028,AXIV,AXIV,,,,,,,,,,
,47803,BAX,BAX,,,,,,,,,,
,49262,EVE,evan,,,,,,,,,,
,49344,STASH,STASH,,,,,,,,,,
,52752,CELO,Celo,,,,,,,,TRUE,,
,61616,TH,TianHe,,,,,,,,,,
,65536,KETH,Krypton World,,,,,,,,,,
,69420,GRLC,Garlicoin,,,,,,,,,,
,70007,GWL,Gewel,,,,,,,,,,
,77777,ZYN,Wethio,,,,,,,,,,
,88888,RYO,c0ban,,,,,0x12,0x1c,0x88,,,
,99999,WICC,Waykichain,,,,,,,,,,
,100500,HOME,HomeCoin,,,,,,,,,,
,101010,STC,Starcoin,,,,,,,,,,
,105105,STRAX,Strax,,,,,,,,,,
,121337,KLS,Karlsen,,,,,,,,,,
,161803,APTA,Bloqs4Good,,,,,,,,,,
,200625,AKA,Akroma,,,,,,,,,,
,224433,CONET,CONET Holesky Network,,,,,,,,,,
,246529,ATS,ARTIS sigma1,,,,,,,,,,
,261131,ZAMA,Zama,,,,,,,,,,
,314159,PI,Pi Network,,,,,,,,,,
,333332,VALUE,Value Chain,,,,,,,,,,
,333333,3333,Pi Value Consensus,,,,,,,,,,
,424242,X42,x42,,,,,0x4b,0x7d,0xcb,,,
,534352,SCR,Scroll,,,,,,,,,,
,666666,VITE,Vite,,,,,,,,,,
,696365,ICE,Ice Network,,,,,,,,,,
,888888,SEA,Second Exchange Alliance,,,,,,,,,,
,999999,WTC,WaltonChain,,,,,,,,,,
,1048576,AMAX,Armonia Meta Chain,,,,,,,,,,
,1171337,ILT,iOlite,,,,,,,,,,
,1313114,ETHO,Etho Protocol,,,,,,,,,,
,1313500,XERO,Xerom,,,,,,,,,,
,1712144,LAX,LAPO,,,,,,,,,,
,3924011,EPK,EPIK Protocol,,,,,,,,,,
,4741444,HYD,Hydra Token,,,,,,,,,,
,5249353,BCO,BitcoinOre,,,,,,,,,,
,5249354,BHD,BitcoinHD,,,,,,,,,,
,5264462,PTN,PalletOne,,,,,,,,,,
,5655640,VLX,Velas,,,,,,,,,,
,5718350,WAN,Wanchain,,,,,,,,,,
,5741564,WAVES,Waves,Curve25519,Blake2b,,,,,,,,
,5741565,WEST,Waves Enterprise,,,,,,,,,,
,6382179,ABC,Abcmint,,,,,,,,,,
,6517357,CRM,Creamcoin,,,,,,,,,,
,7171666,BROCK,Bitrock,,,,,,,,,,
,7562605,SEM,Semux,,,,,,,,,,
,7567736,ION,ION,,,,,,,,,,
,7777777,FCT,FirmaChain,,,,,,,,,,
,7825266,WGR,WGR,,,0x0221312B,0x022D2533,0x49,0x3f,0xc7,,,
,7825267,OBSR,OBServer,,,,,,,,,,
,8163271,AFS,ANFS,,,,,,,,,,
,11259375,LBR,0L,,,,,,,,,,
,15118976,XDS,XDS,,,,,,,,,,
,20230101,ROH,Rooch,,,,,,,,,,
,20240430,NLK,NuLinkCoin,,,,,,,,,,
,61717561,AQUA,Aquachain,,,,,,,,,,
,88888888,HATCH,Hatch,,,,,,,,,,
,91927009,KUSD,kUSD,,,,,,,,,,
,99999996,GENS,GENS,,,,,,,,,,
,99999997,EQ,EQ,,,,,,,,,,
,99999998,FLUID,Fluid Chains,,,,,,,,,,
,99999999,QKC,QuarkChain,,,,,,,,,,
,608589380,FVDC,ForumCoin,,,,,,,,,,
,1179993420,FUEL,Fuel,,,,,,,,,,
