status,coin_index,coin_symbol,coin_name,key_derivation,hash,private_header,public_header,public_key_hash,script_hash,wallet_import_format,evm,ucid,cmc_top
1,0,BTC,Bitcoin,secp256k1,sha256,0x0488ADE4,0x0488B21E,0x00,0x05,0x80,,1,10
0,1,TEST,Testnet (all coins),,,,,,,,,,
1,2,LTC,Litecoin,secp256k1,sha256,0x019D9CFE,0x019DA462,0x30,0x32,0xb0,,2,100
1,3,DOGE,Dogecoin,secp256k1,sha256,0x02FAC398,0x02FACAFD,0x1e,0x16,0x9e,,74,10
1,4,RDD,Reddcoin,secp256k1,sha256,,,0x3d,,0xbd,,118,
1,5,DASH,Dash,secp256k1,sha256,,,0x4c,0x10,0xcc,,131,100
1,6,PPC,Peercoin,secp256k1,sha256,,,0x37,0x75,0xb7,,5,
1,7,NMC,Namecoin,secp256k1,sha256,,,0x34,0x0D,0xb4,,3,
1,8,FTC,Feathercoin,secp256k1,sha256,0x0488DAEE,0x0488BC26,0x0e,,0x8e,,8,
0,9,XCP,Counterparty,,,,,,,,,132,
1,10,BLK,Blackcoin,secp256k1,sha256,0x02CFBF60,0x02CFBEDE,0x19,0x55,0x99,,170,
1,11,NSR,NuShares,secp256k1,sha256,,,0x3f,0x40,0x95,,,
1,12,NBT,NuBits,secp256k1,sha256,,,0x19,0x1a,0x96,,,
1,13,MZC,Mazacoin,secp256k1,sha256,,,0x32,0x09,0xe0,,,
1,14,VIA,Viacoin,secp256k1,sha256,,,0x47,0x21,0xc7,,470,
0,15,XCH,ClearingHouse,,,,,,,,,,
1,16,RBY,Rubycoin,secp256k1,sha256,,,0x3c,0x55,0xbc,,215,
2,17,GRS,Groestlcoin,secp256k1,sha256,,,0x24,,0x80,,258,
1,18,DGC,Digitalcoin,secp256k1,sha256,,0x9E0488B2,0x1e,,0x9e,,18,
0,19,CCN,Cannacoin,,,,,,,,,,
1,20,DGB,DigiByte,secp256k1,sha256,,,0x1e,,,,109,
0,21,OA,Open Assets,,,,,,,,,,
1,22,MONA,Monacoin,secp256k1,sha256,,,0x32,0x37,0xb0,,213,
1,23,CLAM,Clams,secp256k1,sha256,0xA8C17826,0xA8C26D64,0x89,0x0D,0x85,,460,
0,24,XPM,Primecoin,,,,,,,,,42,
1,25,NEOS,Neoscoin,secp256k1,sha256,,,0x35,,0xb1,,,
1,26,JBS,Jumbucks,secp256k1,sha256,0x037A6460,0x037A689A,0x2b,,0xab,,,
0,27,ZRC,ziftrCOIN,,,,,,,,,,
1,28,VTC,Vertcoin,secp256k1,sha256,,,0x47,,,,99,
0,29,NXT,NXT,,,,,,,,,66,
0,30,BURST,Burst,,,,,,,,,,
0,31,MUE,MonetaryUnit,,,,,,,,,,
0,32,ZOOM,Zoom,,,,,,,,,,
0,33,VASH,Virtual Cash,secp256k1,sha256,,,,,,,,
1,34,CDN,Canada eCoin,secp256k1,sha256,,,0x1c,,0x9c,,,
1,35,SDC,ShadowCash,secp256k1,sha256,0xEE8031E8,0xEE80286A,0x3f,0x7d,0xbf,,,
0,36,PKB,ParkByte,,,,,,,,,934,
0,37,PND,Pandacoin,,,,,,,,,,
0,38,START,StartCOIN,,,,,,,,,389,
0,39,MOIN,MOIN,,,,,,,,,,
1,40,EXP,Expanse,secp256k1,keccak256,,,,,,TRUE,1070,
1,41,EMC2,Einsteinium,secp256k1,sha256,,,0x21,,0xa1,,,
0,42,DCR,Decred,secp256k1,blake256,0x02FDA4E8,0x02FDA926,0x073f,0x071a,0x22de,,1168,
0,43,XEM,NEM,,,,,,,,,873,
1,44,PART,Particl,secp256k1,sha256,0x8F1DAEB8,0x696E82D1,0x38,0x3c,0x6c,,1826,
0,45,ARG,Argentum,,,,,,,,,,
0,46,LIBERTAS,Libertas,,,,,,,,,,
1,47,POSW,Posw coin,secp256k1,sha256,,,0x37,0x55,0xb7,,1495,
0,48,SHR,Shreeji,,,,,,,,,,
1,49,GCR,Global Currency Reserve (GCRcoin),secp256k1,sha256,,,0x26,0x61,0x9a,,,
1,50,NVC,Novacoin,secp256k1,sha256,,,0x08,0x14,0x88,,6,
1,51,AC,Asiacoin,secp256k1,sha256,,,0x17,0x08,0x97,,,
0,52,BTCD,BitcoinDark,,,,,,,,,,
0,53,DOPE,Dopecoin,,,,,,,,,145,
0,54,TPC,Templecoin,,,,,,,,,,
0,55,AIB,AIB,,,,,,,,,,
1,56,EDRC,EDRCoin,secp256k1,sha256,,,0x5d,0x1c,0xdd,,1216,
1,57,SYS,Syscoin,secp256k1,sha256,,,0x3f,,,,541,
1,58,SLR,Solarcoin,secp256k1,sha256,,,0x12,,0x92,,,
1,59,SMLY,Smileycoin,secp256k1,sha256,0x1E5631BC,0x1E562D9A,0x19,,0x05,,,
1,60,ETH,Ethereum,secp256k1,keccak256,,,,,,,1027,10
1,61,ETC,Ethereum Classic,secp256k1,keccak256,,,,,,TRUE,1321,100
1,62,PSB,Pesobit,secp256k1,sha256,,,0x37,0x55,0xb7,,,
1,63,LDCN,Landcoin,secp256k1,sha256,,,0x30,0x7a,0x7a,,,
0,64,OC,Open Chain,,,,,,,,,,
1,65,XBC,Bitcoinplus,secp256k1,sha256,,,0x19,0x08,0x99,,293,
1,66,IOP,Internet of People,secp256k1,sha256,0xAE3416F6,0x2780915F,0x75,0xae,0x31,,,
0,67,NXS,Nexus,,,,,,,,,,
1,68,INSN,InsaneCoin,secp256k1,sha256,,,0x66,0x39,0x37,,1678,
1,69,OK,OKCash,secp256k1,sha256,0x03CC1C73,0x03CC23D7,0x37,0x1c,0x03,,760,
1,70,BRIT,BritCoin,secp256k1,sha256,,,0x19,0x55,0x99,,,
1,71,CMP,Compcoin,secp256k1,sha256,,,0x1c,0x55,0x9c,,,
0,72,CRW,Crown,,,,,,,,,720,
1,73,BELA,BelaCoin,secp256k1,sha256,,,0x19,,0x99,,,
0,74,ICX,ICON,,,,,,,,,2099,
1,75,FJC,FujiCoin,secp256k1,sha256,,,0x24,0x10,0xa4,,,
1,76,MIX,MIX,secp256k1,keccak256,,,,,,TRUE,,
1,77,XVG,Verge Currency,secp256k1,sha256,,,0x1e,0x21,0x9e,,693,
1,78,EFL,Electronic Gulden,secp256k1,sha256,,,0x30,,0xb0,,,
1,79,CLUB,ClubCoin,secp256k1,sha256,,,0x1c,0x55,0x99,,1135,
0,80,RICHX,RichCoin,,,,,,,,,,
1,81,POT,Potcoin,secp256k1,sha256,,,0x37,,0xb7,,122,
0,82,QRK,Quarkcoin,,,,,,,,,,
0,83,TRC,Terracoin,,,,,,,,,,
1,84,GRC,Gridcoin,secp256k1,sha256,,,0x3e,0x55,0xbe,,,
1,85,AUR,Auroracoin,secp256k1,sha256,,,0x17,,0x97,,148,
1,86,IXC,IXCoin,secp256k1,sha256,,,0x8a,,0x05,,13,
1,87,NLG,Gulden,secp256k1,sha256,,,0x26,0x62,0x62,,,
0,88,BITB,BitBean,,,,,,,,,819,
1,89,BTA,Bata,secp256k1,sha256,0xA40B91BD,0xA40C86FA,0x19,,0xa4,,945,
1,90,XMY,Myriadcoin,secp256k1,sha256,,,0x32,0x09,0xb2,,,
1,91,BSD,BitSend,secp256k1,sha256,,,0x66,,0xcc,,,
1,92,UNO,Unobtanium,secp256k1,sha256,,,0x82,0x1e,0xe0,,67,
0,93,MTR,MasterTrader,,,,,,,,,,
0,94,GB,GoldBlocks,,,,,,,,,1285,
0,95,SHM,Saham,,,,,,,,,,
0,96,CRX,Chronos,,,,,,,,,,
0,97,BIQ,Ubiquoin,,,,,,,,,,
0,98,EVO,Evotion,,,,,,,,,,
0,99,STO,SaveTheOcean,,,,,,,,,,
0,100,BIGUP,BigUp,,,,,,,,,,
1,101,GAME,GameCredits,secp256k1,sha256,,,0x26,,0xa6,,,
0,102,DLC,Dollarcoins,,,,,,,,,,
0,103,ZYD,Zayedcoin,,,,,,,,,,
0,104,DBIC,Dubaicoin,,,,,,,,,,
1,105,STRAT,Stratis,secp256k1,sha256,,,0x3f,0x7d,0xbf,,,
0,106,SH,Shilling,,,,,,,,,,
0,107,MARS,MarsCoin,,,,,,,,,,
1,108,UBQ,Ubiq,secp256k1,keccak256,,,,,,TRUE,,
0,109,PTC,Pesetacoin,,,,,,,,,,
1,110,NRO,Neurocoin,secp256k1,sha256,,,0x35,0x75,0xb5,,,
0,111,ARK,ARK,,,,,,,,,,
1,112,USC,UltimateSecureCashMain,secp256k1,sha256,0xEE8031E8,0xEE80286A,0x44,0x7d,0xbf,,,
1,113,THC,Hempcoin,secp256k1,sha256,,,0x28,0x08,0xa8,,,
1,114,LINX,Linx,secp256k1,sha256,,,0x4b,,0xcb,,,
1,115,ECN,Ecoin,secp256k1,sha256,,,0x5c,0x14,0xdc,,,
1,116,DNR,Denarius,secp256k1,sha256,,,0x1e,0x5a,0x9e,,,
1,117,PINK,Pinkcoin,secp256k1,sha256,,,0x03,0x1c,0x83,,,
0,118,ATOM,Cosmos,ed25519,,,,,,,,,100
1,119,PIVX,Pivx,secp256k1,sha256,0x0221312B,0x022D2533,0x1e,0x0d,0xd4,,,
1,120,FLASH,Flashcoin,secp256k1,sha256,,,0x44,0x82,0xc4,,,
1,121,ZEN,Horizen (Zencash),secp256k1,sha256,,,0x2089,0x2096,,,,
1,122,PUT,Putincoin,secp256k1,sha256,,,0x37,0x14,0xb7,,,
0,123,ZNY,BitZeny,,,,,,,,,,
0,124,UNIFY,Unify,,,,,,,,,,
0,125,XST,StealthCoin,,,,,,,,,,
0,126,BRK,Breakout Coin,,,,,,,,,,
1,127,XVC,Vcash,secp256k1,sha256,,,0x47,0x08,0xc7,,,
0,128,XMR,Monero,ed25519,keccak256,,,,,,,,100
0,129,VOX,Voxels,,,,,,,,,,
1,130,NAV,NavCoin,secp256k1,sha256,,,0x35,0x55,0x96,,,
0,131,FCT,Factom Factoids,,,,,,,,,,
0,132,EC,Factom Entry Credits,,,,,,,,,,
1,133,ZEC,Zcash,secp256k1,sha256,,,0x1CB8,0x1CBD,,,,
0,134,LSK,Lisk,,,,,,,,,,
0,135,STEEM,Steem,,,,,,,,,,
1,136,XZC,Firo (Zcoin),secp256k1,sha256,,,0x52,0x07,0xd2,,,
0,137,RBTC,Rootstock,,,,,,,,,,
0,138,GB,Giftblock,,,,,,,,,,
0,139,RPT,RealPointCoin,,,,,,,,,,
1,140,LBC,LBRY Credits,secp256k1,sha256,,,0x55,0x7a,0x1c,,,
1,141,KMD,Komodo,secp256k1,sha256,,,0x3c,0x55,0xbc,,,
0,142,BSQ,bisq Token,,,,,,,,,,
0,143,RIC,Riecoin,,,,,,,,,,
1,144,XRP,XRP,secp256k1,sha256+ripemd160,,,0x00,0x05,,,,10
1,145,BCH,Bitcoin Cash,secp256k1,sha256,,,0x6f,0xc4,0xef,,,100
1,146,NEBL,Neblio,secp256k1,sha256,,,0x35,0x70,0xb5,,,
1,147,ZCL,ZClassic,secp256k1,sha256,,,0x1CB8,0x1CBD,,,,
0,148,XLM,Stellar Lumens,ed25519,sha256,,,,,,,,100
0,149,NLC2,NoLimitCoin2,,,,,,,,,,
0,150,WHL,WhaleCoin,,,,,,,,,,
1,151,ERC,EuropeCoin,secp256k1,sha256,,,0x21,,0xa8,,,
1,152,DMD,Diamond,secp256k1,sha256,,,0x5a,0x08,0xda,,,
0,153,BTM,Bytom,,,,,,,,,,
0,154,BIO,Biocoin,,,,,,,,,,
0,155,XWCC,Whitecoin Classic,,,,,,,,,,
1,156,BTG,Bitcoin Gold,secp256k1,sha256,,,0x26,0x17,,,,
0,157,BTC2X,Bitcoin 2x,,,,,,,,,,
0,158,SSN,SuperSkynet,,,,,,,,,,
1,159,TOA,TOACoin,secp256k1,sha256,,,0x41,0x17,0xc1,,,
1,160,BTX,Bitcore,secp256k1,sha256,,,0x03,0x7D,,,,
1,161,ACC,Adcoin,secp256k1,sha256,,,0x17,,0xb0,,,
0,162,BCO,Bridgecoin,,,,,,,,,,
1,163,ELLA,Ellaism,secp256k1,keccak256,,,,,,TRUE,,
0,164,PIRL,Pirl,,,,,,,,,,
0,165,XNO,Nano,,,,,,,,,,
1,166,VIVO,Vivo,secp256k1,sha256,,,0x46,0x0a,0xc6,,,
1,167,FRST,Firstcoin,secp256k1,sha256,,,0x23,,0xa3,,,
1,168,HNC,Helleniccoin,secp256k1,sha256,,,0x30,,0xb0,,,
0,169,BUZZ,BUZZ,,,,,,,,,,
0,170,MBRS,Ember,,,,,,,,,,
0,171,HC,Hcash,,,,,,,,,,
1,172,HTML,HTMLCOIN,secp256k1,keccak256,,,,,,TRUE,,
0,173,ODN,Obsidian,,,,,,,,,,
0,174,ONX,OnixCoin,,,,,,,,,,
1,175,RVN,Ravencoin,secp256k1,sha256,,,0x3c,0x7a,,,,
1,176,GBX,GoByte,secp256k1,sha256,,,0x26,0x0a,0xc6,,,
1,177,BTCZ,BitcoinZ,secp256k1,sha256,,,0x1CB8,0x1CBD,,,,
1,178,POA,Poa,secp256k1,keccak256,,,,,,TRUE,,
1,179,NYC,NewYorkCoin,secp256k1,sha256,,,0x3c,0x16,0xbc,,,
0,180,MXT,MarteXcoin,,,,,,,,,,
1,181,WC,Wincoin,secp256k1,sha256,,,0x49,0x1c,0xc9,,,
1,182,MNX,Minexcoin,secp256k1,sha256,,,0x4b,,,,,
1,183,BTCP,Bitcoin Private,secp256k1,sha256,,,0x1325,0x13AF,,,,
0,184,MUSIC,Musicoin,,,,,,,,,,
1,185,BCA,Bitcoin Atom,secp256k1,sha256,,,0x17,0x0a,,,,
1,186,CRAVE,Crave,secp256k1,sha256,,,0x46,0x55,0x99,,,
0,187,STAK,STRAKS,,,,,,,,,,
0,188,WBTC,World Bitcoin,,,,,,,,,,
0,189,LCH,LiteCash,,,,,,,,,,
1,190,EXCL,ExclusiveCoin,secp256k1,sha256,,,0x21,0x89,0xa1,,,
1,191,LYNX,Lynx,secp256k1,sha256,,,0x2d,0x32,0xad,,,
1,192,LCC,LitecoinCash,secp256k1,sha256,,,0x1c,,0xb0,,,
0,193,XFE,Feirm,,,,,,,,,,
0,194,EOS,EOS,secp256k1,sha256,,,,,,,,100
1,195,TRX,Tron,secp256k1,keccak256,,,0x41,,,TRUE,,100
1,196,KOBO,Kobocoin,secp256k1,sha256,,,0x23,0x1c,0xa3,,,
1,197,HUSH,HUSH,secp256k1,sha256,,,0x1CB8,0x1CBD,,,,
0,198,BAN,Banano,,,,,,,,,,
0,199,ETF,ETF,,,,,,,,,,
1,200,OMNI,Omni,secp256k1,keccak256,,,,,,TRUE,,
0,201,BIFI,BitcoinFile,,,,,,,,,,
0,202,UFO,Uniform Fiscal Object,,,,,,,,,,
0,203,CNMC,Cryptonodes,,,,,,,,,,
0,204,BCN,Bytecoin,,,,,,,,,,
0,205,RIN,Ringo,,,,,,,,,,
0,206,ATP,Alaya,,,,,,,,,,
0,207,EVT,everiToken,,,,,,,,,,
0,208,ATN,ATN,,,,,,,,,,
0,209,BIS,Bismuth,,,,,,,,,,
0,210,NEET,NEETCOIN,,,,,,,,,,
0,211,BOPO,BopoChain,,,,,,,,,,
0,212,OOT,Utrum,,,,,,,,,,
0,213,ALIAS,Alias,,,,,,,,,,
1,214,MONK,Monkey Project,secp256k1,sha256,0x0488DDE4,,0x33,0x1c,0x37,,,
0,215,BOXY,BoxyCoin,,,,,,,,,,
0,216,FLO,Flo,,,,,,,,,,
1,217,MEC,Megacoin,secp256k1,sha256,,,0x32,,0xB2,,,
1,218,BTDX,BitCloud,secp256k1,sha256,,,0x19,,0x99,,,
1,219,XAX,Artax,secp256k1,sha256,,,0x17,0x1CBD,0x97,,,
1,220,ANON,ANON,secp256k1,sha256,,,0x0582,0x5389,,,,
1,221,LTZ,LitecoinZ,secp256k1,sha256,,,0x0AB3,0x0AB8,,,,
1,222,BITG,Bitcoin Green,secp256k1,sha256,,,0x26,0x1CBD,0x2E,,,
0,223,ICP,Internet Computer (DFINITY),,,,,,,,,,
0,224,SMART,Smartcash,,,,,,,,,,
1,225,XUEZ,XUEZ,secp256k1,sha256,0x0221312B,0x022D2533,0x4b,0x12,0xd4,,,
0,226,HLM,Helium,,,,,,,,,,
0,227,WEB,Webchain,,,,,,,,,,
0,228,ACM,Actinium,,,,,,,,,,
0,229,NOS,NOS Stable Coins,,,,,,,,,,
0,230,BITC,BitCash,,,,,,,,,,
1,231,HTH,Help The Homeless Coin,secp256k1,keccak256,,,,,,TRUE,,
0,232,TZC,Trezarcoin,,,,,,,,,,
0,233,VAR,Varda,,,,,,,,,,
0,234,IOV,IOV,,,,,,,,,,
0,235,FIO,FIO,,,,,,,,,,
1,236,BSV,BitcoinSV,secp256k1,sha256,,,,,,,,100
0,237,DXN,DEXON,,,,,,,,,,
0,238,QRL,Quantum Resistant Ledger,,,,,,,,,,
0,239,PCX,ChainX,,,,,,,,,,
0,240,LOKI,Loki,,,,,,,,,,
0,241,IW,Imagewallet,,,,,,,,,,
0,242,NIM,Nimiq,,,,,,,,,,
0,243,SOV,Sovereign Coin,,,,,,,,,,
0,244,JCT,Jibital Coin,,,,,,,,,,
0,245,SLP,Simple Ledger Protocol,,,,,,,,,,
1,246,EWT,Energy Web,secp256k1,keccak256,,,,,,TRUE,,
0,247,UC,Ulord,,,,,,,,,,
0,248,EXOS,EXOS,,,,,,,,,,
0,249,ECA,Electra,,,,,,,,,,
0,250,SOOM,Soom,,,,,,,,,,
0,251,XRD,Redstone,,,,,,,,,,
0,252,FREE,FreeCoin,,,,,,,,,,
0,253,NPW,NewPowerCoin,,,,,,,,,,
0,254,BST,BlockStamp,,,,,,,,,,
0,255,STH,SmartHoldem,,,,,,,,,,
0,256,NANO,Bitcoin Nano,,,,,,,,,,
0,257,BTCC,Bitcoin Core,,,,,,,,,,
0,258,ZP,Zen Protocol,,,,,,,,,,
0,259,ZEST,Zest,,,,,,,,,,
0,260,ABT,ArcBlock,,,,,,,,,,
0,261,PION,Pion,,,,,,,,,,
0,262,DT3,DreamTeam3,,,,,,,,,,
0,263,ZBUX,Zbux,,,,,,,,,,
0,264,KPL,Kepler,,,,,,,,,,
0,265,TPAY,TokenPay,,,,,,,,,,
0,266,ZILLA,ChainZilla,,,,,,,,,,
0,267,ANK,Anker,,,,,,,,,,
0,268,BCC,BCChain,,,,,,,,,,
0,269,HPB,HPB,,,,,,,,,,
0,270,ONE,ONE,,,,,,,,,,
0,271,SBC,SBC,,,,,,,,,,
0,272,IPC,IPChain,,,,,,,,,,
0,273,DMTC,Dominantchain,,,,,,,,,,
0,274,OGC,Onegram,,,,,,,,,,
0,275,SHIT,Shitcoin,,,,,,,,,,
0,276,ANDES,Andescoin,,,,,,,,,,
0,277,AREPA,Arepacoin,,,,,,,,,,
1,278,BOLI,Bolivarcoin,secp256k1,sha256,,,0x55,,0xD5,,,
0,279,RIL,Rilcoin,,,,,,,,,,
0,280,HTR,Hathor Network,,,,,,,,,,
0,281,ACME,Accumulate,,,,,,,,,,
0,282,BRAVO,BRAVO,,,,,,,,,,
0,283,ALGO,Algorand,ed25519,,,,,,,,,100
0,284,BZX,Bitcoinzero,,,,,,,,,,
0,285,GXX,GravityCoin,,,,,,,,,,
0,286,HEAT,HEAT,,,,,,,,,,
0,287,XDN,DigitalNote,,,,,,,,,,
1,288,FSN,FUSION,secp256k1,keccak256,,,,,,TRUE,,
0,289,CPC,Capricoin,,,,,,,,,,
0,290,BOLD,Bold,,,,,,,,,,
0,291,IOST,IOST,,,,,,,,,,
0,292,TKEY,Tkeycoin,,,,,,,,,,
0,293,USE,Usechain,,,,,,,,,,
0,294,BCZ,BitcoinCZ,,,,,,,,,,
0,295,IOC,Iocoin,,,,,,,,,,
0,296,ASF,Asofe,,,,,,,,,,
0,297,MASS,MASS,,,,,,,,,,
0,298,FAIR,FairCoin,,,,,,,,,,
0,299,NUKO,Nekonium,,,,,,,,,,
0,300,GNX,Genaro Network,,,,,,,,,,
1,301,DIVI,Divi Project,secp256k1,sha256,0x0221312B,0x022D2533,0x1e,0x0d,0xd4,,,
0,302,CMT,Community,,,,,,,,,,
0,303,EUNO,EUNO,,,,,,,,,,
1,304,IOTX,IoTeX,secp256k1,keccak256,,,,,,TRUE,,
1,305,ONION,DeepOnion,secp256k1,sha256,,,0x1F,0x4E,0x9F,,,
0,306,8BIT,8Bit,,,,,,,,,,
0,307,ATC,AToken Coin,,,,,,,,,,
0,308,BTS,Bitshares,,,,,,,,,,
0,309,CKB,Nervos CKB,secp256k1,blake2b,,,,,,,,100
0,310,UGAS,Ultrain,,,,,,,,,,
0,311,ADS,Adshares,,,,,,,,,,
0,312,ARA,Aura,,,,,,,,,,
0,313,ZIL,Zilliqa,,,,,,,,,,
0,314,MOAC,MOAC,,,,,,,,,,
0,315,SWTC,SWTC,,,,,,,,,,
0,316,VNSC,vnscoin,,,,,,,,,,
0,317,PLUG,Plug,,,,,,,,,,
0,318,MAN,Matrix AI Network,,,,,,,,,,
0,319,ECC,ECCoin,,,,,,,,,,
1,320,RPD,Rapids,secp256k1,sha256,,,0x3d,0x06,0x2e,,,
0,321,RAP,Rapture,,,,,,,,,,
0,322,GARD,Hashgard,,,,,,,,,,
0,323,ZER,Zero,,,,,,,,,,
0,324,EBST,eBoost,,,,,,,,,,
0,325,SHARD,Shard,,,,,,,,,,
0,326,MRX,Metrix Coin,,,,,,,,,,
0,327,CMM,Commercium,,,,,,,,,,
0,328,BLOCK,Blocknet,,,,,,,,,,
0,329,AUDAX,AUDAX,,,,,,,,,,
0,330,LUNA,Terra,,,,,,,,,,
0,331,ZPM,zPrime,,,,,,,,,,
0,332,KUVA,Kuva Utility Note,,,,,,,,,,
0,333,MEM,MemCoin,,,,,,,,,,
0,334,CS,Credits,,,,,,,,,,
0,335,SWIFT,SwiftCash,,,,,,,,,,
1,336,FIX,FIX,secp256k1,sha256,0x0221312B,0x022D2533,0x23,0x5F,0x3C,,,
0,337,CPC,CPChain,,,,,,,,,,
0,338,VGO,VirtualGoodsToken,,,,,,,,,,
0,339,DVT,DeVault,,,,,,,,,,
0,340,N8V,N8VCoin,,,,,,,,,,
0,341,MTNS,OmotenashiCoin,,,,,,,,,,
0,342,BLAST,BLAST,,,,,,,,,,
0,343,DCT,DECENT,,,,,,,,,,
0,344,AUX,Auxilium,,,,,,,,,,
0,345,USDP,USDP,,,,,,,,,,
0,346,HTDF,HTDF,,,,,,,,,,
0,347,YEC,Ycash,,,,,,,,,,
0,348,QLC,QLC Chain,,,,,,,,,,
0,349,TEA,Icetea Blockchain,,,,,,,,,,
0,350,ARW,ArrowChain,,,,,,,,,,
0,351,MDM,Medium,,,,,,,,,,
0,352,CYB,Cybex,,,,,,,,,,
0,353,LTO,LTO Network,,,,,,,,,,
0,354,DOT,Polkadot,ed25519,,,,,,,,,10
0,355,AEON,Aeon,,,,,,,,,,
0,356,RES,Resistance,,,,,,,,,,
1,357,AYA,Aryacoin,secp256k1,sha256,,,0x17,0x6f,0x97,,,
0,358,DAPS,Dapscoin,,,,,,,,,,
0,359,CSC,CasinoCoin,,,,,,,,,,
0,360,VSYS,V Systems,,,,,,,,,,
0,361,NOLLAR,Nollar,,,,,,,,,,
0,362,XNOS,NOS,,,,,,,,,,
1,363,CPU,CPUchain,secp256k1,sha256,,,0x1c,0x1E,,,,
0,364,LAMB,Lambda Storage Chain,,,,,,,,,,
0,365,VCT,ValueCyber,,,,,,,,,,
0,366,CZR,Canonchain,,,,,,,,,,
0,367,ABBC,ABBC,,,,,,,,,,
0,368,HET,HET,,,,,,,,,,
0,369,XAS,Asch,,,,,,,,,,
0,370,VDL,Vidulum,,,,,,,,,,
0,371,MED,MediBloc,,,,,,,,,,
0,372,ZVC,ZVChain,,,,,,,,,,
0,373,VESTX,Vestx,,,,,,,,,,
0,374,DBT,DarkBit,,,,,,,,,,
0,375,SEOS,SuperEOS,,,,,,,,,,
0,376,MXW,Maxonrow,,,,,,,,,,
0,377,ZNZ,ZENZO,,,,,,,,,,
0,378,XCX,XChain,,,,,,,,,,
0,379,SOX,SonicX,,,,,,,,,,
0,380,NYZO,Nyzo,,,,,,,,,,
0,381,ULC,ULCoin,,,,,,,,,,
0,382,RYO,Ryo Currency,,,,,,,,,,
0,383,KAL,Kaleidochain,,,,,,,,,,
0,384,XSN,Stakenet,,,,,,,,,,
0,385,DOGEC,DogeCash,,,,,,,,,,
0,386,BMV,Bitcoin Matteo's Vision,,,,,,,,,,
0,387,QBC,Quebecoin,,,,,,,,,,
0,388,IMG,ImageCoin,,,,,,,,,,
0,389,QOS,QOS,,,,,,,,,,
0,390,PKT,PKT,,,,,,,,,,
0,391,LHD,LitecoinHD,,,,,,,,,,
0,392,CENNZ,CENNZnet,,,,,,,,,,
0,393,HSN,Hyper Speed Network,,,,,,,,,,
1,394,CRO,Crypto Chain,secp256k1,keccak256,,,,,,TRUE,,100
0,395,UMBRU,Umbru,,,,,,,,,,
0,396,EVER,Everscale,,,,,,,,,,
1,397,NEAR,NEAR Protocol,secp256k1,keccak256,,,,,,TRUE,,100
0,398,XPC,XPChain,,,,,,,,,,
0,399,ZOC,01coin,,,,,,,,,,
1,400,NIX,NIX,secp256k1,sha256,,,0x26,0x35,,,,
0,401,UC,Utopiacoin,,,,,,,,,,
0,402,GALI,Galilel,,,,,,,,,,
0,403,OLT,Oneledger,,,,,,,,,,
0,404,XBI,XBI,,,,,,,,,,
0,405,DONU,DONU,,,,,,,,,,
0,406,EARTHS,Earths,,,,,,,,,,
0,407,HDD,HDDCash,,,,,,,,,,
1,408,SUGAR,Sugarchain,secp256k1,sha256,,,0x3f,0x7d,,,,
0,409,AILE,AileCoin,,,,,,,,,,
0,410,TENT,TENT,,,,,,,,,,
0,411,TAN,Tangerine Network,,,,,,,,,,
0,412,AIN,AIN,,,,,,,,,,
0,413,MSR,Masari,,,,,,,,,,
0,414,SUMO,Sumokoin,,,,,,,,,,
0,415,ETN,Electroneum,,,,,,,,,,
0,416,BYTZ,BYTZ,,,,,,,,,,
0,417,WOW,Wownero,,,,,,,,,,
0,418,XTNC,XtendCash,,,,,,,,,,
0,419,LTHN,Lethean,,,,,,,,,,
0,420,NODE,NodeHost,,,,,,,,,,
1,421,AGM,Argoneum,secp256k1,sha256,,,0x32,0x61,0xbf,,,
0,422,CCX,Conceal Network,,,,,,,,,,
0,423,TNET,Title Network,,,,,,,,,,
0,424,TELOS,TelosCoin,,,,,,,,,,
0,425,AION,Aion,,,,,,,,,,
0,426,BC,Bitcoin Confidential,,,,,,,,,,
0,427,KTV,KmushiCoin,,,,,,,,,,
0,428,ZCR,ZCore,,,,,,,,,,
0,429,ERG,Ergo,,,,,,,,,,
0,430,PESO,Criptopeso,,,,,,,,,,
0,431,BTC2,Bitcoin 2,,,,,,,,,,
0,432,XRPHD,XRPHD,,,,,,,,,,
0,433,WE,WE Coin,,,,,,,,,,
0,434,KSM,Kusama,,,,,,,,,,
0,435,PCN,Peepcoin,,,,,,,,,,
0,436,NCH,NetCloth,,,,,,,,,,
0,437,ICU,CHIPO,,,,,,,,,,
0,438,FNSA,FINSCHIA,,,,,,,,,,
0,439,DTP,DeVault Token Protocol,,,,,,,,,,
0,440,BTCR,Bitcoin Royale,,,,,,,,,,
0,441,AERGO,AERGO,,,,,,,,,,
0,442,XTH,Dothereum,,,,,,,,,,
0,443,LV,Lava,,,,,,,,,,
1,444,PHR,Phore,secp256k1,sha256,0x0221312B,0x022D2533,0x37,0x0D,0xD4,,,
0,445,VITAE,Vitae,,,,,,,,,,
0,446,COCOS,Cocos-BCX,,,,,,,,,,
0,447,DIN,Dinero,,,,,,,,,,
0,448,SPL,Simplicity,,,,,,,,,,
0,449,YCE,MYCE,,,,,,,,,,
0,450,XLR,Solaris,,,,,,,,,,
0,451,KTS,Klimatas,,,,,,,,,,
0,452,DGLD,DGLD,,,,,,,,,,
0,453,XNS,Insolar,,,,,,,,,,
0,454,EM,EMPOW,,,,,,,,,,
0,455,SHN,ShineBlocks,,,,,,,,,,
1,456,SEELE,Seele,secp256k1,keccak256,,,,,,TRUE,,
0,457,AE,Aeternity,,,,,,,,,1700,
0,458,ODX,ObsidianX,,,,,,,,,,
1,459,KAVA,Kava,secp256k1,keccak256,,,,,,TRUE,,
0,460,GLEEC,GLEEC,,,,,,,,,,
1,461,FIL,Filecoin,secp256k1,keccak256,,,,,,TRUE,,100
0,462,RUTA,Rutanio,,,,,,,,,,
0,463,CSDT,CSDT,,,,,,,,,,
0,464,ETI,EtherInc,,,,,,,,,,
0,465,ZSLP,Zclassic Simple Ledger Protocol,,,,,,,,,,
0,466,ERE,EtherCore,,,,,,,,,,
1,467,DX,DxChain Token,secp256k1,keccak256,,,,,,TRUE,,
0,468,CPS,Capricoin+,,,,,,,,,,
0,469,BTH,Bithereum,,,,,,,,,,
0,470,MESG,MESG,,,,,,,,,,
0,471,FIMK,FIMK,,,,,,,,,,
0,472,AR,Arweave,ed25519,sha256,,,,,,,,100
0,473,OGO,Origo,,,,,,,,,,
1,474,ROSE,Oasis Network,secp256k1,keccak256,,,,,,TRUE,,
0,475,BARE,BARE Network,,,,,,,,,,
0,476,GLEEC,GleecBTC,,,,,,,,,,
0,477,CLR,Color Coin,,,,,,,,,,
0,478,RNG,Ring,,,,,,,,,,
1,479,OLO,Tool Global,secp256k1,keccak256,,,,,,TRUE,,
0,480,PEXA,Pexa,,,,,,,,,,
0,481,MOON,Mooncoin,,,,,,,,,,
0,482,OCEAN,Ocean Protocol,,,,,,,,,,
0,483,BNT,Bluzelle Native,,,,,,,,,,
0,484,AMO,AMO Blockchain,,,,,,,,,,
0,485,FCH,FreeCash,,,,,,,,,,
1,486,LAT,PlatON,secp256k1,keccak256,,,,,,TRUE,,
0,487,COIN,Bitcoin Bank,,,,,,,,,,
0,488,VEO,Amoveo,,,,,,,,,,
0,489,CCA,Counos Coin,,,,,,,,,,
0,490,GFN,Graphene,,,,,,,,,,
0,491,BIP,Minter Network,,,,,,,,,,
0,492,KPG,Kunpeng Network,,,,,,,,,,
0,493,FIN,FINL Chain,,,,,,,,,,
0,494,BAND,Band,,,,,,,,,,
0,495,DROP,Dropil,,,,,,,,,,
0,496,BHT,Bluehelix Chain,,,,,,,,,,
0,497,LYRA,Scrypta,,,,,,,,,,
0,498,CS,Credits,,,,,,,,,,
1,499,RUPX,Rupaya,secp256k1,keccak256,,,,,,TRUE,,
1,500,THETA,Theta,secp256k1,keccak256,,,,,,TRUE,,100
0,501,SOL,Solana,ed25519,,,,,,,,,10
1,502,THT,ThoughtAI,secp256k1,sha256,0x5AEBD8C6,0xFBC6A00D,0x07,0x09,0x7B,,,
1,503,CFX,Conflux,secp256k1,keccak256,,,,,,TRUE,,100
0,504,KUMA,Kumacoin,,,,,,,,,,
0,505,HASH,Provenance,,,,,,,,,,
0,506,CSPR,Casper,,,,,,,,,,
0,507,EARTH,EARTH,,,,,,,,,,
0,508,EGLD,MultiversX,secp256k1,sha256,,,,,,,,100
0,509,CHI,Xaya,,,,,,,,,,
0,510,KOTO,Koto,,,,,,,,,,
0,511,OTC,OTC,,,,,,,,,,
0,512,RXD,Radiant,,,,,,,,,,
0,513,SEELEN,Seele-N,,,,,,,,,,
0,514,AETH,AETH,,,,,,,,,,
0,515,DNA,Idena,,,,,,,,,,
0,516,VEE,Virtual Economy Era,,,,,,,,,,
0,517,SIERRA,SierraCoin,,,,,,,,,,
0,518,LET,Linkeye,,,,,,,,,,
0,519,BSC,Bitcoin Smart Contract,,,,,,,,,,
0,520,BTCV,BitcoinVIP,,,,,,,,,,
0,521,ABA,Dabacus,,,,,,,,,,
0,522,SCC,StakeCubeCoin,,,,,,,,,,
1,523,EDG,Edgeware,secp256k1,keccak256,,,,,,TRUE,,
0,524,AMS,AmsterdamCoin,,,,,,,,,,
0,525,GOSS,GOSSIP Coin,,,,,,,,,,
0,526,BU,BUMO,,,,,,,,,,
0,527,GRAM,GRAM,,,,,,,,,,
0,528,YAP,Yapstone,,,,,,,,,,
0,529,SCRT,Secret Network,,,,,,,,,,
0,530,NOVO,Novo,,,,,,,,,,
0,531,GHOST,Ghost,,,,,,,,,,
0,532,HST,HST,,,,,,,,,,
1,533,PRJ,ProjectCoin,secp256k1,sha256,0x0221312B,0x022D2533,0x37,0x08,0x75,,,
0,534,YOU,YOUChain,,,,,,,,,,
0,535,XHV,Haven Protocol,,,,,,,,,,
0,536,BYND,Beyondcoin,,,,,,,,,,
0,537,JOYS,Joys Digital,,,,,,,,,,
1,538,VAL,Valorbit,secp256k1,keccak256,,,,,,TRUE,,
0,539,FLOW,Flow,,,,,,,,,,100
0,540,SMESH,Spacemesh Coin,,,,,,,,,,
0,541,SCDO,SCDO,,,,,,,,,,
0,542,IQS,IQ-Cash,,,,,,,,,,
0,543,BIND,Compendia,,,,,,,,,,
0,544,COINEVO,Coinevo,,,,,,,,,,
1,545,SCRIBE,Scribe,secp256k1,sha256,,,0x3c,0x7d,0x6e,,,
0,546,HYN,Hyperion,,,,,,,,,,
0,547,BHP,BHP,,,,,,,,,,
0,548,BBC,BigBang Core,,,,,,,,,,
0,549,MKF,MarketFinance,,,,,,,,,,
0,550,XDC,XinFin,,,,,,,,,,
0,551,STR,Straightedge,,,,,,,,,,
0,552,SUM,Sumcoin,,,,,,,,,,
0,553,HBC,HuobiChain,,,,,,,,,,
0,554,---,reserved,,,,,,,,,,
0,555,BCS,Bitcoin Smart,,,,,,,,,,
0,556,KTS,Kratos,,,,,,,,,,
1,557,LKR,Lkrcoin,secp256k1,sha256,,,0x30,0x55,0xB0,,,
0,558,TAO,Tao,,,,,,,,,,
1,559,XWC,Whitecoin,secp256k1,sha256,0x048894ED,0x04887F1E,0x49,0x57,0xc9,,,
0,560,DEAL,DEAL,,,,,,,,,,
0,561,NTY,Nexty,,,,,,,,,,
0,562,TOP,TOP NetWork,,,,,,,,,,
0,563,---,reserved,,,,,,,,,,
0,564,AG,Agoric,,,,,,,,,,
0,565,CICO,Coinicles,,,,,,,,,,
0,566,IRIS,Irisnet,,,,,,,,,,
0,567,NCG,Nine Chronicles,,,,,,,,,,
0,568,LRG,Large Coin,,,,,,,,,,
0,569,SERO,Super Zero Protocol,,,,,,,,,,
0,570,BDX,Beldex,,,,,,,,,,
0,571,CCXX,Counos X,,,,,,,,,,
1,572,SLS,Saluscoin,secp256k1,sha256,,,0x3f,0xc4,0xbf,,,
0,573,SRM,Serum,,,,,,,,,,
0,574,---,reserved,,,,,,,,,,
0,575,VIVT,VIDT Datalink,,,,,,,,,,
0,576,BPS,BitcoinPoS,,,,,,,,,,
0,577,NKN,NKN,,,,,,,,,,
0,578,ICL,ILCOIN,,,,,,,,,,
0,579,BONO,Bonorum,,,,,,,,,,
0,580,PLC,PLATINCOIN,,,,,,,,,,
0,581,DUN,Dune,,,,,,,,,,
0,582,DMCH,Darmacash,,,,,,,,,,
0,583,CTC,Creditcoin,,,,,,,,,,
0,584,KELP,Haidai Network,,,,,,,,,,
0,585,GBCR,GoldBCR,,,,,,,,,,
0,586,XDAG,XDAG,,,,,,,,,,
0,587,PRV,Incognito Privacy,,,,,,,,,,
0,588,SCAP,SafeCapital,,,,,,,,,,
1,589,TFUEL,Theta Fuel,secp256k1,keccak256,,,,,,TRUE,,
0,590,GTM,Gentarium,,,,,,,,,,
0,591,RNL,RentalChain,,,,,,,,,,
0,592,GRIN,Grin,,,,,,,,,,
0,593,MWC,MimbleWimbleCoin,,,,,,,,,,
0,594,DOCK,Dock,,,,,,,,,,
0,595,POLYX,Polymesh,secp256k1,blake2b,,,,,,,,100
0,596,DIVER,Divergenti,,,,,,,,,,
0,597,XEP,Electra Protocol,,,,,,,,,,
0,598,APN,Apron,,,,,,,,,,
0,599,TFC,Turbo File Coin,,,,,,,,,,
0,600,UTE,Unit-e,,,,,,,,,,
1,601,MTC,Metachain,secp256k1,keccak256,,,,,,TRUE,,
0,602,NC,NobodyCash,,,,,,,,,,
0,603,XINY,Xinyuehu,,,,,,,,,,
0,604,DYN,Dynamo,,,,,,,,,,
0,605,BUFS,Buffer,,,,,,,,,,
1,606,STOS,Stratos,secp256k1,keccak256,,,,,,TRUE,,
0,607,TON,TON,secp256k1,sha256,,,,,,,,10
0,608,TAFT,TAFT,,,,,,,,,,
1,609,HYDRA,HYDRA,secp256k1,keccak256,,,,,,TRUE,,
0,610,NOR,Noir,,,,,,,,,,
0,611,MNPA,Manta Network Private Asset,,,,,,,,,,
0,612,CNPA,Calamari Network Private Asset,,,,,,,,,,
0,613,WCN,Widecoin,,,,,,,,,,
0,614,OPT,Optimistic Ethereum,,,,,,,,,,
0,615,PSWAP,PolkaSwap,,,,,,,,,,
0,616,VAL,Validator,,,,,,,,,,
0,617,XOR,Sora,,,,,,,,,,
0,618,SSP,SmartShare,,,,,,,,,,
0,619,DEI,DeimosX,,,,,,,,,,
0,620,---,reserved,,,,,,,,,,
0,621,ZERO,Singularity,,,,,,,,,,
0,622,ALPHA,AlphaDAO,,,,,,,,,,
0,623,BDECO,BDCashProtocol Ecosystem,,,,,,,,,,
0,624,NOBL,Nobility,,,,,,,,,,
0,625,EAST,Eastcoin,,,,,,,,,,
0,626,KDA,Kadena,,,,,,,,,,
0,627,SOUL,Phantasma,,,,,,,,,,
0,628,LORE,Gitopia,,,,,,,,,,
0,629,FNR,Fincor,,,,,,,,,,
0,630,NEXUS,Nexus,,,,,,,,,,
1,631,QTZ,Quartz,secp256k1,keccak256,,,,,,TRUE,,
0,632,MAS,Massa,,,,,,,,,,
0,633,CALL,Callchain,,,,,,,,,,
0,634,VAL,Validity,,,,,,,,,,
0,635,POKT,Pocket Network,,,,,,,,,,
0,636,EMIT,EMIT,,,,,,,,,,
0,637,APTOS,Aptos,ed25519,sha256,,,,,,,,100
0,638,ADON,ADON,,,,,,,,,,
0,639,BTSG,BitSong,,,,,,,,,,
0,640,LFC,Leofcoin,,,,,,,,,,
0,641,KCS,KuCoin Shares,,,,,,,,,,
0,642,KCC,KuCoin Community Chain,,,,,,,,,,
0,643,AZERO,Aleph Zero,,,,,,,,,,
0,644,TREE,Tree,,,,,,,,,,
0,645,LX,Lynx,,,,,,,,,,
0,646,XLN,Lunarium,,,,,,,,,,
1,647,CIC,CIC Chain,secp256k1,keccak256,,,,,,TRUE,,
0,648,ZRB,Zarb,,,,,,,,,,
0,649,---,reserved,,,,,,,,,,
0,650,UCO,Archethic,,,,,,,,,,
0,651,SFX,Safex Cash,,,,,,,,,,
0,652,SFT,Safex Token,,,,,,,,,,
0,653,WSFX,Wrapped Safex Cash,,,,,,,,,,
0,654,USDG,US Digital Gold,,,,,,,,,,
0,655,WMP,WAMP,,,,,,,,,,
0,656,EKTA,Ekta,,,,,,,,,,
0,657,YDA,YadaCoin,,,,,,,,,,
0,658,WHIVE,Whive,,,,,,,,,,
0,659,KOIN,Koinos,,,,,,,,,,
0,660,PIRATE,PirateCash,,,,,,,,,,
1,661,UNQ,Unique,secp256k1,keccak256,,,,,,TRUE,,
0,662,ULM,UltonSmartchain,,,,,,,,,,
0,663,SFRX,EtherGem Sapphire,,,,,,,,,,
0,664,BSTY,GlobalBoost-Y,,,,,,,,,,
0,665,IMP,Impact Protocol,,,,,,,,,,
0,666,ACT,Achain,,,,,,,,,,
0,667,PRKL,Perkle,,,,,,,,,,
0,668,SSC,SelfSell,,,,,,,,,,
1,669,GC,GateChain,secp256k1,keccak256,,,,,,TRUE,,
0,670,PLGR,Pledger,,,,,,,,,,
0,671,MPLGR,Pledger,,,,,,,,,,
0,672,KNOX,Knox,,,,,,,,,,
0,673,ZED,ZED,,,,,,,,,,
1,674,CNDL,Candle,secp256k1,keccak256,,,,,,TRUE,,
0,675,WLKR,Walker Crypto Innovation Index,,,,,,,,,,
0,676,WLKRR,Walker,,,,,,,,,,
0,677,YUNGE,Yunge,,,,,,,,,,
0,678,VOKEN,Voken,,,,,,,,,,
0,679,APL,Apollo,,,,,,,,,,
0,680,EVRYNET,Evrynet,,,,,,,,,,
0,681,NENG,Nengcoin,,,,,,,,,,
0,682,CHTA,Cheetahcoin,,,,,,,,,,
0,683,ALEO,Aleo Network,,,,,,,,,,
0,684,HMS,Hemis,,,,,,,,,,
1,685,OAS,Oasys,secp256k1,keccak256,,,,,,TRUE,,
1,686,KAR,Karura Network,secp256k1,keccak256,,,,,,TRUE,,
0,687,FLON,FullOn Network,,,,,,,,,,
1,688,CET,CoinEx Chain,secp256k1,keccak256,,,,,,TRUE,,
0,689,XLINK,XLink Chain,,,,,,,,,,
0,690,KLV,KleverChain,,,,,,,,,,
1,691,TNT,Tangle,secp256k1,keccak256,,,,,,TRUE,,
0,694,VTBC,VTB Community,,,,,,,,,,
0,698,VEIL,Veil,,,,,,,,,,
0,699,GTB,GotaBit,,,,,,,,,,
1,700,XDAI,xDai,secp256k1,keccak256,,,,,,TRUE,,
0,701,COM,Commercio,,,,,,,,,,
0,702,CCC,Commercio Cash Credit,,,,,,,,,,
0,703,SNR,Sonr,,,,,,,,,,
0,704,RAQ,Ra Quantum,,,,,,,,,,
0,705,PEG,Pegasus Token,,,,,,,,,,
0,706,LKG,Lionking,,,,,,,,,,
0,707,MCOIN,Moneta Coin,,,,,,,,,,
0,709,AVAIL,Avail,,,,,,,,,,
1,710,FURY,Highbury,secp256k1,keccak256,,,,,,TRUE,,
0,711,CHC,Chaincoin,,,,,,,,,,
0,712,SERF,Serfnet,,,,,,,,,,
0,713,XTL,Katal Chain,,,,,,,,,,
0,714,BNB,Binance,secp256k1,sha256,,,,,,,,10
0,715,SIN,Sinovate,,,,,,,,,,
0,716,DLN,Delion,,,,,,,,,,
0,717,BONTE,Bontecoin,,,,,,,,,,
0,718,PEER,Peer,,,,,,,,,,
2,719,ZET,Zetacoin,secp256k1,sha256,,,0x50,0x09,0xe0,,,
0,720,ABY,Artbyte,,,,,,,,,,
0,721,PGX,Mirai Chain,,,,,,,,,,
0,722,IL8P,InfiniLooP,,,,,,,,,,
0,723,VOI,Voi,,,,,,,,,,
0,724,XVC,Vanillacash,,,,,,,,,,
0,725,MCX,MultiCash,,,,,,,,,,
1,727,BLU,BluCrates,secp256k1,keccak256,,,,,,TRUE,,
0,730,HEALIOS,Tenacity,,,,,,,,,,
0,731,BMK,Bitmark,,,,,,,,,,
0,734,DENTX,DENTNet,,,,,,,,,,
0,737,ATOP,Financial Blockchain,,,,,,,,,,
1,747,CFG,Centrifuge,secp256k1,keccak256,,,,,,TRUE,,
0,750,XPRT,Persistence,,,,,,,,,,
0,753,AGE,Age X25519 Encryption,,,,,,,,,,
0,754,AGE,Age NIST Encryption,,,,,,,,,,
0,757,HONEY,HoneyWood,,,,,,,,,,
0,768,BALLZ,Ballzcoin,,,,,,,,,,
0,770,COSA,Cosanta,,,,,,,,,,
0,771,BR,BR,,,,,,,,,,
0,773,CSB,CosmoBliss,,,,,,,,,,
0,775,PLSR,Pulsar Coin,,,,,,,,,,
0,776,KEY,Keymaker Coin,,,,,,,,,,
0,777,BTW,Bitcoin World,,,,,,,,,,
0,780,PLCUC,PLC Ultima Classic,,,,,,,,,,
0,781,PLCUX,PLC Ultima X,,,,,,,,,,
0,782,PLCU,PLC Ultima,,,,,,,,,,
0,783,SMARTBC,SMART Blockchain,,,,,,,,,,
0,784,SUI,Sui,,,,,,,,,,
0,786,UIDD,UIDD,,,,,,,,,,
1,787,ACA,Acala,secp256k1,keccak256,,,,,,TRUE,,
0,788,BNC,Bifrost,,,,,,,,,,
0,789,TAU,Lamden,,,,,,,,,,
0,794,INTR,Interlay,,,,,,,,,,
0,795,KINT,Kintsugi,,,,,,,,,,
0,799,PDEX,Polkadex,,,,,,,,,,
1,800,BEET,Beetle Coin,secp256k1,sha256,,,0x1a,0x55,0x99,,,
0,801,DST,DSTRA,,,,,,,,,,
0,802,CY,Cyberyen,,,,,,,,,,
0,803,RYME,Ryme Network,,,,,,,,,,
1,804,ZKS,zkSync,secp256k1,keccak256,,,,,,TRUE,,
0,808,QVT,Qvolta,,,,,,,,,,
1,809,SDN,Shiden Network,secp256k1,keccak256,,,,,,TRUE,,
1,810,ASTR,Astar Network,secp256k1,keccak256,,,,,,TRUE,,
0,811,---,reserved,,,,,,,,,,
1,813,MEER,Qitmeer,secp256k1,keccak256,,,,,,TRUE,,
0,816,FSC,FSC,,,,,,,,,,
1,818,VET,VeChain Token,secp256k1,keccak256,,,,,,TRUE,,100
0,819,REEF,Reef,,,,,,,,,,
1,820,CLO,Callisto,secp256k1,keccak256,,,,,,TRUE,,
0,822,BDB,BigchainDB,,,,,,,,,,
1,824,RBNT,Redbelly Network,secp256k1,keccak256,,,,,,TRUE,,
1,827,ACE,Endurance,secp256k1,keccak256,,,,,,TRUE,,
0,828,CCN,ComputeCoin,,,,,,,,,,
0,829,BBA,BBACHAIN,,,,,,,,,,
0,831,CRUZ,cruzbit,,,,,,,,,,
0,832,SAPP,Sapphire,,,,,,,,,,
0,833,777,Jackpot,,,,,,,,,7305,
0,834,KYAN,Kyanite,,,,,,,,,,
0,835,AZR,Azzure,,,,,,,,,,
0,836,CFL,CryptoFlow,,,,,,,,,,
0,837,DASHD,Dash Diamond,,,,,,,,,,
0,838,TRTT,Trittium,,,,,,,,,,
0,839,UCR,Ultra Clear,,,,,,,,,,
0,840,PNY,Peony,,,,,,,,,,
0,841,BECN,Beacon,,,,,,,,,,
0,842,MONK,Monk,,,,,,,,,,
0,843,SAGA,CryptoSaga,,,,,,,,,,
0,844,SUV,Suvereno,,,,,,,,,,
0,845,ESK,EskaCoin,,,,,,,,,,
0,846,OWO,OneWorld Coin,,,,,,,,,,
0,847,PEPS,PEPS Coin,,,,,,,,,,
0,848,BIR,Birake,,,,,,,,,,
0,849,MOBIC,MobilityCoin,,,,,,,,,,
0,850,FLS,Flits,,,,,,,,,,
0,851,FRECO,Freco,,,,,,,,,,
0,852,DSM,Desmos,,,,,,,,,,
0,853,PRCY,PRCY Coin,,,,,,,,,,
0,858,HVH,HAVAH,,,,,,,,,,
0,866,MOB,MobileCoin,,,,,,,,,,
0,868,IF,Infinitefuture,,,,,,,,,,
0,877,NAM,Namada,,,,,,,,,,
0,878,SCR,Scorum Network,,,,,,,,,,
0,880,LUM,Lum Network,,,,,,,,,,
0,883,ZBC,ZooBC,,,,,,,,,,
0,886,ADF,AD Token,,,,,,,,,,
0,888,NEO,NEO,secp256k1,ripemd160,,,,,,,,100
0,889,TOMO,TOMO,,,,,,,,,,
0,890,XSEL,Seln,,,,,,,,,,
0,896,LKSC,LKSCoin,,,,,,,,,,
0,898,AS,Assetchain,,,,,,,,,,
0,899,XEC,eCash,secp256k1,sha256,,,,,,,,100
0,900,LMO,Lumeneo,,,,,,,,,,
0,901,NXT,NxtMeta,,,,,,,,,,
0,904,HNT,Helium,,,,,,,,,,
0,906,XPX,Sirius,,,,,,,,,,
0,907,FIS,StaFi,,,,,,,,,,
0,909,SGE,Saage,,,,,,,,,,
0,911,GERT,Gert,,,,,,,,,,
0,913,VARA,Vara Network,,,,,,,,,,
1,916,META,Metadium,secp256k1,keccak256,,,,,,TRUE,,
1,917,FRA,Findora,secp256k1,keccak256,,,,,,TRUE,,
0,919,CCD,Concordium,,,,,,,,,,
0,921,AVN,Avian Network,,,,,,,,,,
0,925,DIP,Dipper Network,,,,,,,,,,
0,928,GHM,HermitMatrixNetwork,,,,,,,,,,
0,931,RUNE,THORChain (RUNE),secp256k1,sha256,,,,,,,,100
0,938,MGO,Mango Network,,,,,,,,,,
0,939,AB,Argot Protocol,,,,,,,,,,
0,941,---,reserved,,,,,,,,,,
0,942,KCN,Kylacoin,,,,,,,,,,
0,943,LCN,Lyncoin,,,,,,,,,,
0,945,UNLOCK,Jasiri protocol,,,,,,,,,,
0,955,LTP,LifetionCoin,,,,,,,,,,
0,958,KSOC,KickSoccer,,,,,,,,,,
0,960,VKAX,Vkax,,,,,,,,,,
1,966,MATIC,Polygon,secp256k1,keccak256,,,,,,TRUE,,100
0,968,UNW,UNW,,,,,,,,,,
0,969,QI,Quai Network,,,,,,,,,,
1,970,TWINS,TWINS,secp256k1,sha256,0x0221312B,0x022D2533,0x49,0x53,0x42,,,
1,977,TLOS,Telos,secp256k1,keccak256,,,,,,TRUE,,
1,981,TAFECO,Taf ECO Chain,secp256k1,keccak256,,,,,,TRUE,,
0,985,AU,Autonomy,,,,,,,,,,
0,987,VCG,VipCoin,,,,,,,,,,
0,988,XAZAB,Xazab core,,,,,,,,,,
1,989,AIOZ,AIOZ,secp256k1,keccak256,,,,,,TRUE,,100
0,990,CORE,Coreum,,,,,,,,,,
0,991,PEC,Phoenix,,,,,,,,,,
0,992,UNT,Unit,,,,,,,,,,
0,993,XRB,X Currency,,,,,,,,,,
0,994,QUAI,Quai Network,,,,,,,,,,
0,995,CAPS,Ternoa,,,,,,,,,,
1,996,OKT,OKChain Token,secp256k1,keccak256,,,,,,TRUE,,
0,997,SUM,Solidum,,,,,,,,,,
0,998,LBTC,Lightning Bitcoin,,,,,,,,,,
0,999,BCD,Bitcoin Diamond,,,,,,,,,,
0,1000,BTN,Bitcoin New,,,,,,,,,,
0,1001,TT,ThunderCore,,,,,,,,,,
0,1002,BKT,BanKitt,,,,,,,,,,
0,1003,NODL,Nodle,,,,,,,,,,
0,1004,PCOIN,PCOIN,,,,,,,,,,
0,1005,TAO,Bittensor,,,,,,,,,,
0,1006,HSK,HashKey Chain,,,,,,,,,,
1,1007,FTM,Fantom,secp256k1,keccak256,,,,,,TRUE,,100
0,1008,RPG,RPG,,,,,,,,,,
0,1009,LAKE,iconLake,,,,,,,,,,
1,1010,HT,Huobi ECO Chain,secp256k1,keccak256,,,,,,TRUE,,
0,1011,ELV,Eluvio,,,,,,,,,,
1,1012,JOC,Japan Open Chain,secp256k1,keccak256,,,,,,TRUE,,
0,1013,BIC,Beincrypto,,,,,,,,,,
0,1014,JOY,Joystream,,,,,,,,,,
0,1016,---,reserved,,,,,,,,,,
1,1020,EVC,Evrice,secp256k1,keccak256,,,,,,TRUE,,
0,1022,XRD,Radix DLT,,,,,,,,,,
0,1023,ONE,Harmony One (Legacy),,,,,,,,,,
1,1024,ONT,Ontology,secp256k1,keccak256,,,,,,TRUE,,
0,1025,CZZ,Classzz,,,,,,,,,,
0,1026,KEX,Kira Exchange Token,,,,,,,,,,
0,1027,MCM,Mochimo,,,,,,,,,,
0,1028,PLS,Pulse Coin,,,,,,,,,,
0,1032,BTCR,BTCR,,,,,,,,,,
0,1042,MFID,Moonfish ID,,,,,,,,,,
0,1111,BBC,Big Bitcoin,,,,,,,,,,
0,1116,CORE,Core,secp256k1,sha256,,,,,,,,100
0,1120,RISE,RISE,,,,,,,,,,
0,1122,CMT,CyberMiles Token,,,,,,,,,,
0,1128,ETSC,Ethereum Social,,,,,,,,,,
0,1129,DFI,DeFiChain,,,,,,,,,,
1,1130,DFI,DeFiChain EVM Network,secp256k1,keccak256,,,,,,TRUE,,
0,1137,$DAG,Constellation Labs,,,,,,,,,,
0,1145,CDY,Bitcoin Candy,,,,,,,,,,
0,1155,ENJ,Enjin Coin,,,,,,,,,,
1,1170,HOO,Hoo Smart Chain,secp256k1,keccak256,,,,,,TRUE,,
0,1234,ALPH,Alephium,,,,,,,,,,
0,1236,MASCA,Masca,,,,,,,,,,
0,1237,NOSTR,Nostr,,,,,,,,,,
0,1280,KUDOS,Kudos Setler,,,,,,,,,,
1,1284,GLMR,Moonbeam,secp256k1,keccak256,,,,,,TRUE,,
1,1285,MOVR,Moonriver,secp256k1,keccak256,,,,,,TRUE,,
0,1298,WPC,Wpc,,,,,,,,,,
0,1308,WEI,WEI,,,,,,,,,,
1,1337,DFC,Defcoin,secp256k1,sha256,,,0x1e,,0x9e,,,
0,1338,IRON,Iron Fish,,,,,,,,,,
0,1348,ISLM,IslamicCoin,,,,,,,,,,
0,1397,HYC,Hycon,,,,,,,,,,
0,1410,TENTSLP,TENT Simple Ledger Protocol,,,,,,,,,,
1,1510,XSC,XT Smart Chain,secp256k1,keccak256,,,,,,TRUE,,
1,1512,AAC,Double-A Chain,secp256k1,keccak256,,,,,,TRUE,,
0,1524,TLR,Taler,,,,,,,,,,
1,1533,BEAM,Beam,secp256k1,keccak256,,,,,,TRUE,,
0,1551,SDK,Sovereign SDK,,,,,,,,,,
0,1555,APC,Apc Chain,,,,,,,,,,
0,1616,ELF,AELF,,,,,,,,,,
0,1618,AUDL,AUDL,,,,,,,,,,
1,1620,ATH,Atheios,secp256k1,keccak256,,,,,,TRUE,,
0,1627,LUME,Lume Web,,,,,,,,,,
1,1642,NEW,Newton,secp256k1,keccak256,,,,,,TRUE,,
1,1657,BTA,Btachain,secp256k1,keccak256,,,,,,TRUE,,
0,1668,NEOX,Neoxa,,,,,,,,,,
0,1669,MEWC,Meowcoin,,,,,,,,,,
0,1688,BCX,BitcoinX,,,,,,,,,,
0,1729,XTZ,Tezos (tz1),ed25519,sha256,,,0x06A19F,,,,,
0,1729,XTZ,Tezos (tz3),p256,sha256,,,0x06A1A4,,,,,
2,1729,XTZ,Tezos (tz2),secp256k1,sha256+ripemd160,,,0x06A1A1,,,,,
0,1776,LBTC,Liquid BTC,,,,,,,,,,
0,1777,BBP,Biblepay,,,,,,,,,,
0,1784,JPYS,JPY Stablecoin,,,,,,,,,,
0,1789,VEGA,Vega Protocol,,,,,,,,,,
0,1815,ADA,Cardano,ed25519,,,,,,,,,10
1,1818,CUBE,Cube Chain Native Token,secp256k1,keccak256,,,,,,TRUE,,
0,1856,TES,Teslacoin,,,,,,,,,,
0,1888,ZTX,Zetrix,,,,,,,,,,
0,1899,XEC,eCash token,,,,,,,,,,
0,1900,XNA,Neurai,,,,,,,,,,
0,1901,CLC,Classica,,,,,,,,,,
1,1907,BITCI,Bitcicoin,secp256k1,keccak256,,,,,,TRUE,,
0,1919,VIPS,VIPSTARCOIN,,,,,,,,,,
2,1926,CITY,City Coin,secp256k1,sha256,,,0x1c,0x58,0xed,,,
0,1955,XX,xx coin,,,,,,,,,,
0,1977,XMX,Xuma,,,,,,,,,,
0,1984,TRTL,TurtleCoin,,,,,,,,,,
0,1985,SLRT,Solarti Chain,,,,,,,,,,
0,1986,QTH,Qing Tong Horizon,,,,,,,,,,
1,1987,EGEM,EtherGem,secp256k1,keccak256,,,,,,TRUE,,
0,1988,MIRA,Mira Chain,,,,,,,,,,
0,1989,HODL,HOdlcoin,,,,,,,,,,
0,1990,PHL,Placeholders,,,,,,,,,,
0,1991,SC,Sia,secp256k1,blake2b,,,,,,,,
0,1996,MYT,Mineyourtime,,,,,,,,,,
0,1997,POLIS,Polis,,,,,,,,,,
0,1998,XMCC,Monoeci,,,,,,,,,,
0,1999,COLX,ColossusXT,,,,,,,,,,
0,2000,GIN,GinCoin,,,,,,,,,,
0,2001,MNP,MNPCoin,,,,,,,,,,
0,2002,MLN,Miraland,,,,,,,,,,
0,2017,KIN,Kin,,,,,,,,,,
0,2018,EOSC,EOSClassic,,,,,,,,,,
0,2019,GBT,GoldBean Token,,,,,,,,,,
0,2020,PKC,PKC,,,,,,,,,,
0,2021,SKT,Sukhavati,,,,,,,,,,
0,2022,XHT,Xinghuo Token,,,,,,,,,,
0,2023,COC,Chat On Chain,,,,,,,,,,
0,2024,USBC,Universal Ledger USBC,,,,,,,,,,
0,2025,ROCK,Zenrock Labs,,,,,,,,,,
0,2046,ANY,Any,,,,,,,,,,
0,2048,MCASH,MCashChain,,,,,,,,,,
0,2049,TRUE,TrueChain,,,,,,,,,,
1,2050,MOVO,Movo Smart Chain,secp256k1,keccak256,,,,,,TRUE,,
0,2086,KILT,KILT Spiritnet,,,,,,,,,,
1,2109,SAMA,Exosama Network,secp256k1,keccak256,,,,,,TRUE,,
0,2112,IOTE,IoTE,,,,,,,,,,
0,2125,BAY,BitBay,,,,,,,,,,
0,2137,XRG,Ergon,,,,,,,,,,
1,2199,SAMA,Moonsama Network,secp256k1,keccak256,,,,,,TRUE,,
0,2221,ASK,ASK,,,,,,,,,,
0,2222,CWEB,Coinweb,,,,,,,,,,
0,2285,QIYI,Qiyi Chain,,,,,,,,,,
2,2301,QTUM,QTUM,secp256k1,sha256,,,0x3A,0x32,0x80,,,
0,2302,ETP,Metaverse,,,,,,,,,,
0,2303,GXC,GXChain,,,,,,,,,,
1,2304,CRP,CranePay,secp256k1,sha256,,,0x1c,0x0A,0x7B,,,
1,2305,ELA,Elastos,secp256k1,sha256,,,0x21,0xc4,0xef,,,
0,2338,SNOW,Snowblossom,,,,,,,,,,
0,2365,XIN,Mixin,,,,,,,,,,
1,2500,NEXI,Nexi,secp256k1,keccak256,,,,,,TRUE,,
0,2570,AOA,Aurora,,,,,,,,,,
0,2686,AIPG,AIPowerGrid,,,,,,,,,,
0,2718,NAS,Nebulas,,,,,,,,,,
0,2894,REOSC,REOSC Ecosystem,,,,,,,,,,
1,2941,BND,Blocknode,secp256k1,sha256,,,0x19,0x3F,0x4b,,,
0,3000,SM,Stealth Message,,,,,,,,,,
0,3003,LUX,LUX,,,,,,,,,,
1,3030,HBAR,Hedera,secp256k1,keccak256,,,,,,TRUE,,100
0,3077,COS,Contentos,,,,,,,,,,
0,3276,CCC,CodeChain,,,,,,,,,,
0,3333,SXP,Solar,,,,,,,,,,
0,3377,ROI,ROIcoin,,,,,,,,,,
0,3381,DYN,Dynamic,,,,,,,,,,
0,3383,SEQ,Sequence,,,,,,,,,,
1,3501,JFIN,JFIN Coin,secp256k1,keccak256,,,,,,TRUE,,
0,3552,DEO,Destocoin,,,,,,,,,,
0,3564,DST,DeStream,,,,,,,,,,
0,3601,CY,Cybits,,,,,,,,,,
0,3757,MPC,Partisia Blockchain,,,,,,,,,,
0,4040,FC8,FCH Network,,,,,,,,,,
0,4096,YEE,YeeCo,,,,,,,,,,
0,4218,IOTA,IOTA,ed25519,sha256,,,,,,,,100
1,4219,SMR,Shimmer,secp256k1,keccak256,,,,,,TRUE,,
1,4242,AXE,Axe,secp256k1,sha256,,,0x37,0x10,0xcc,,,
0,4343,XYM,Symbol,,,,,,,,,,
0,4444,C4E,Chain4Energy,,,,,,,,,,
1,4919,XVM,Venidium,secp256k1,keccak256,,,,,,TRUE,,
1,4999,BXN,BlackFort Exchange Network,secp256k1,keccak256,,,,,,TRUE,,
0,5000,V12,Vet The Vote,,,,,,,,,,
0,5006,SBC,Senior Blockchain,,,,,,,,,,
0,5248,FIC,FIC,,,,,,,,,,
0,5353,HNS,Handshake,,,,,,,,,,
0,5404,ISK,ISKRA,,,,,,,,,,
0,5467,ALTME,ALTME,,,,,,,,,,
0,5555,FUND,Unification,,,,,,,,,,
0,5757,STX,Stacks,secp256k1,sha512,,,,,,,,100
0,5895,VOW,VowChain VOW,,,,,,,,,,
0,5920,SLU,SILUBIUM,,,,,,,,,,
0,5995,DUSK,Dusk Network,,,,,,,,,,
1,6060,GO,GoChain,secp256k1,keccak256,,,,,,TRUE,,
0,6144,DTS,Datos,,,,,,,,,,
0,6174,MOI,My Own Internet,,,,,,,,,,
0,6278,STEAMX,Rails Network Mainnet,,,,,,,,,,
0,6532,UM,Penumbra,,,,,,,,,,
0,6599,RSC,Royal Sports City,,,,,,,,,,
0,6666,BPA,Bitcoin Pizza,,,,,,,,,,
0,6688,SAFE,SAFE,,,,,,,,,,
0,6779,COTI,COTI,,,,,,,,,,
0,6969,ROGER,TheHolyrogerCoin,,,,,,,,,,
1,7000,ZETA,ZetaChain,secp256k1,keccak256,,,,,,TRUE,,
1,7027,ELLA,Ella the heart,secp256k1,keccak256,,,,,,TRUE,,
0,7028,AA,Arthera,,,,,,,,,,
0,7091,TOPL,Topl,,,,,,,,,,
1,7331,KLY,KLYNTAR,secp256k1,keccak256,,,,,,TRUE,,
0,7341,SHFT,Shyft,,,,,,,,,,
1,7518,MEV,MEVerse,secp256k1,keccak256,,,,,,TRUE,,
1,7576,ADIL,ADIL Chain,secp256k1,keccak256,,,,,,TRUE,,
0,7777,BTV,Bitvote,,,,,,,,,,
1,7779,CPV,Compverse,secp256k1,keccak256,,,,,,TRUE,,
0,8000,SKY,Skycoin,,,,,,,,,,
0,8080,DSRV,DSRV,,,,,,,,,,
1,8181,BOC,BeOne Chain,secp256k1,keccak256,,,,,,TRUE,,
0,8192,PAC,pacprotocol,,,,,,,,,,
1,8217,KLAY,KLAY,secp256k1,keccak256,,,,,,,,100
0,8339,BTQ,BitcoinQuark,,,,,,,,,,
0,8444,XCH,Chia,,,,,,,,,,
0,8520,---,reserved,,,,,,,,,,
0,8680,PLMNT,Planetmint,,,,,,,,,,
0,8866,GGX,Golden Gate,,,,,,,,,,
0,8886,GGXT,Golden Gate Sydney,,,,,,,,,,
0,8888,SBTC,Super Bitcoin,,,,,,,,,,
0,8964,NULS,NULS,,,,,,,,,,
0,8997,BBC,Babacoin,,,,,,,,,,
0,8998,JGC,JagoanCoin,,,,,,,,,,
0,8999,BTP,Bitcoin Pay,,,,,,,,,,
0,9000,AVAX,Avalanche,secp256k1,sha256,,,,,,,,10
1,9001,ARB1,Arbitrum One,secp256k1,keccak256,,,,,,TRUE,,100
0,9002,BOBA,Boba,,,,,,,,,,
0,9003,LOOP,Loopring,,,,,,,,,,
0,9004,STRK,StarkNet,,,,,,,,,,
1,9005,AVAXC,Avalanche C-Chain,secp256k1,keccak256,,,,,,TRUE,,10
1,9006,BNB,Binance Smart Chain,secp256k1,keccak256,,,,,,TRUE,,10
1,9797,NRG,Energi (Legacy),secp256k1,sha256,0xD7DC6E9F,0x03B8C856,0x21,0x35,0x6a,,,
0,9888,BTF,Bitcoin Faith,,,,,,,,,,
0,9999,GOD,Bitcoin God,,,,,,,,,,
0,10000,FO,FIBOS,,,,,,,,,,
0,10001,SPACE,Space,,,,,,,,,,
0,10111,DHP,dHealth,,,,,,,,,,
0,10226,RTM,Raptoreum,,,,,,,,,,
1,10242,AA,Arthera,secp256k1,keccak256,,,,,,TRUE,,
0,10291,XRC,XRhodium,,,,,,,,,,
1,10507,NUM,Numbers Protocol,secp256k1,keccak256,,,,,,TRUE,,
0,10605,XPI,Lotus,,,,,,,,,,
0,11111,ESS,Essentia One,,,,,,,,,,
0,11742,VARCH,InvArch,,,,,,,,,,
0,11743,TNKR,Tinkernet,,,,,,,,,,
0,12345,IPOS,IPOS,,,,,,,,,,
0,12586,MINA,Mina,ed25519,pedersen,,,,,,,,100
1,13107,BTY,BitYuan,secp256k1,keccak256,,,,,,TRUE,,
1,13108,YCC,Yuan Chain Coin,secp256k1,keccak256,,,,,,TRUE,,
1,13381,PHX,Phoenix,secp256k1,keccak256,,,,,,TRUE,,
0,14001,WAX,Worldwide Asset Exchange,,,,,,,,,,
0,15845,SDGO,SanDeGo,,,,,,,,,,
0,16181,XTX,Totem Live Network,,,,,,,,,,
0,16754,ARDR,Ardor,,,,,,,,,,
1,18000,MTR,Meter,secp256k1,keccak256,,,,,,TRUE,,
1,19165,SAFE,Safecoin,secp256k1,sha256,,,0x3d,0x56,0xbd,,,
0,19167,FLUX,Flux,,,,,,,,,,
1,19169,RITO,Ritocoin,secp256k1,sha256,,,0x19,0x69,0x8b,,,
0,19788,ML,Mintlayer,,,,,,,,,,
0,20036,XND,ndau,,,,,,,,,,
1,21004,C4EI,c4ei,secp256k1,keccak256,,,,,,TRUE,,
0,21337,XAH,Xahau,,,,,,,,,,
0,21888,PAC,Pactus,,,,,,,,,,
0,22504,PWR,PWRcoin,,,,,,,,,,
0,23000,EPIC,Epic Cash,,,,,,,,,,
0,25252,BELL,Bellcoin,,,,,,,,,,
0,25718,CHX,Own,,,,,,,,,,
0,26417,G1,G1,,,,,,,,,,
0,29223,NEXA,Nexa,,,,,,,,,,
0,30001,---,reserved,,,,,,,,,,
0,31102,ESN,EtherSocial Network,,,,,,,,,,
0,31337,,ThePower,,,,,,,,,,
0,33416,TEO,Trust Eth reOrigin,,,,,,,,,,
0,33878,BTCS,Bitcoin Stake,,,,,,,,,,
0,34952,BTT,ByteTrade,,,,,,,,,,
0,37992,FXTC,FixedTradeCoin,,,,,,,,,,
0,39321,AMA,Amabig,,,,,,,,,,
1,39797,NRG,Energi,secp256k1,keccak256,,,,,,TRUE,,
0,42069,FACT,FACT0RN,,,,,,,,,,
0,43028,AXIV,AXIV,,,,,,,,,,
0,47803,BAX,BAX,,,,,,,,,,
0,49262,EVE,evan,,,,,,,,,,
0,49344,STASH,STASH,,,,,,,,,,
1,52752,CELO,Celo,secp256k1,keccak256,,,,,,TRUE,,
0,61616,TH,TianHe,,,,,,,,,,
0,65536,KETH,Krypton World,,,,,,,,,,
0,69420,GRLC,Garlicoin,,,,,,,,,,
0,70007,GWL,Gewel,,,,,,,,,,
0,77777,ZYN,Wethio,,,,,,,,,,
2,88888,RYO,c0ban,secp256k1,sha256,,,0x12,0x1c,0x88,,,
0,99999,WICC,Waykichain,,,,,,,,,,
0,100500,HOME,HomeCoin,,,,,,,,,,
0,101010,STC,Starcoin,,,,,,,,,,
0,105105,STRAX,Strax,,,,,,,,,,
0,111111,KAS,Kaspa,secp256k1,k12,,,,,,,,100
0,121337,KLS,Karlsen,,,,,,,,,,
0,161803,APTA,Bloqs4Good,,,,,,,,,,
1,200625,AKA,Akroma,secp256k1,keccak256,,,,,,TRUE,,
1,224433,CONET,CONET Holesky Network,secp256k1,keccak256,,,,,,TRUE,,
1,246529,ATS,ARTIS sigma1,secp256k1,keccak256,,,,,,TRUE,,
0,261131,ZAMA,Zama,,,,,,,,,,
0,314159,PI,Pi Network,,,,,,,,,,
0,333332,VALUE,Value Chain,,,,,,,,,,
0,333333,3333,Pi Value Consensus,,,,,,,,,,
2,424242,X42,x42,secp256k1,sha256,,,0x4b,0x7d,0xcc,,,
1,534352,SCR,Scroll,secp256k1,keccak256,,,,,,TRUE,,
0,666666,VITE,Vite,,,,,,,,,,
0,696365,ICE,Ice Network,,,,,,,,,,
0,888888,SEA,Second Exchange Alliance,,,,,,,,,,
0,999999,WTC,WaltonChain,,,,,,,,,,
1,1048576,AMAX,Armonia Meta Chain,secp256k1,keccak256,,,,,,TRUE,,
0,1171337,ILT,iOlite,,,,,,,,,,
1,1313114,ETHO,Etho Protocol,secp256k1,keccak256,,,,,,TRUE,,
1,1313500,XERO,Xerom,secp256k1,keccak256,,,,,,TRUE,,
0,1712144,LAX,LAPO,,,,,,,,,,
0,3924011,EPK,EPIK Protocol,,,,,,,,,,
0,4741444,HYD,Hydra Token,,,,,,,,,,
0,5249353,BCO,BitcoinOre,,,,,,,,,,
0,5249354,BHD,BitcoinHD,,,,,,,,,,
0,5264462,PTN,PalletOne,,,,,,,,,,
1,5655640,VLX,Velas,secp256k1,keccak256,,,,,,TRUE,,
1,5718350,WAN,Wanchain,secp256k1,keccak256,,,,,,TRUE,,
0,5741564,WAVES,Waves,curve25519,blake2b,,,,,,,,
0,5741565,WEST,Waves Enterprise,,,,,,,,,,
0,6382179,ABC,Abcmint,,,,,,,,,,
0,6517357,CRM,Creamcoin,,,,,,,,,,
0,7171666,BROCK,Bitrock,,,,,,,,,,
0,7562605,SEM,Semux,,,,,,,,,,
0,7567736,ION,ION,,,,,,,,,,
0,7777777,FCT,FirmaChain,,,,,,,,,,
1,7825266,WGR,WGR,secp256k1,sha256,0x0221312B,0x022D2533,0x49,0x3f,0xc7,,,
0,7825267,OBSR,OBServer,,,,,,,,,,
0,8163271,AFS,ANFS,,,,,,,,,,
0,11259375,LBR,0L,,,,,,,,,,
0,15118976,XDS,XDS,,,,,,,,,,
0,20230101,ROH,Rooch,,,,,,,,,,
0,20240430,NLK,NuLinkCoin,,,,,,,,,,
0,61717561,AQUA,Aquachain,,,,,,,,,,
0,88888888,HATCH,Hatch,,,,,,,,,,
0,91927009,KUSD,kUSD,,,,,,,,,,
0,99999996,GENS,GENS,,,,,,,,,,
0,99999997,EQ,EQ,,,,,,,,,,
0,99999998,FLUID,Fluid Chains,,,,,,,,,,
1,99999999,QKC,QuarkChain,secp256k1,keccak256,,,,,,TRUE,,
0,608589380,FVDC,ForumCoin,,,,,,,,,,
0,1179993420,FUEL,Fuel,,,,,,,,,,
